CRITICAL - 2026-05-02 00:10:01 --> TypeError: Cannot access offset of type string on string
[Method: GET, Route: admin/wilayah]
in APPPATH\Views\v_index.php on line 30.
 1 SYSTEMPATH\View\View.php(240): include()
 2 SYSTEMPATH\View\View.php(243): CodeIgniter\View\View->CodeIgniter\View\{closure}()
 3 SYSTEMPATH\Common.php(1250): CodeIgniter\View\View->render('v_index', [], true)
 4 APPPATH\Views\v_template_back_end.php(214): view('v_index')
 5 SYSTEMPATH\View\View.php(240): include('C:\\laragon\\www\\gis-spbu-ci4\\app\\Views\\v_template_back_end.php')
 6 SYSTEMPATH\View\View.php(243): CodeIgniter\View\View->CodeIgniter\View\{closure}()
 7 SYSTEMPATH\Common.php(1250): CodeIgniter\View\View->render('v_template_back_end', [], true)
 8 APPPATH\Controllers\Wilayah.php(23): view('v_template_back_end', [...])
 9 SYSTEMPATH\CodeIgniter.php(951): App\Controllers\Wilayah->index()
10 SYSTEMPATH\CodeIgniter.php(497): CodeIgniter\CodeIgniter->runController(Object(App\Controllers\Wilayah))
11 SYSTEMPATH\CodeIgniter.php(340): CodeIgniter\CodeIgniter->handleRequest(null, Object(Config\Cache), false)
12 SYSTEMPATH\Boot.php(417): CodeIgniter\CodeIgniter->run()
13 SYSTEMPATH\Boot.php(68): CodeIgniter\Boot::runCodeIgniter(Object(CodeIgniter\CodeIgniter))
14 FCPATH\index.php(59): CodeIgniter\Boot::bootWeb(Object(Config\Paths))
CRITICAL - 2026-05-02 00:10:02 --> TypeError: Cannot access offset of type string on string
[Method: GET, Route: admin/wilayah]
in APPPATH\Views\v_index.php on line 30.
 1 SYSTEMPATH\View\View.php(240): include()
 2 SYSTEMPATH\View\View.php(243): CodeIgniter\View\View->CodeIgniter\View\{closure}()
 3 SYSTEMPATH\Common.php(1250): CodeIgniter\View\View->render('v_index', [], true)
 4 APPPATH\Views\v_template_back_end.php(214): view('v_index')
 5 SYSTEMPATH\View\View.php(240): include('C:\\laragon\\www\\gis-spbu-ci4\\app\\Views\\v_template_back_end.php')
 6 SYSTEMPATH\View\View.php(243): CodeIgniter\View\View->CodeIgniter\View\{closure}()
 7 SYSTEMPATH\Common.php(1250): CodeIgniter\View\View->render('v_template_back_end', [], true)
 8 APPPATH\Controllers\Wilayah.php(23): view('v_template_back_end', [...])
 9 SYSTEMPATH\CodeIgniter.php(951): App\Controllers\Wilayah->index()
10 SYSTEMPATH\CodeIgniter.php(497): CodeIgniter\CodeIgniter->runController(Object(App\Controllers\Wilayah))
11 SYSTEMPATH\CodeIgniter.php(340): CodeIgniter\CodeIgniter->handleRequest(null, Object(Config\Cache), false)
12 SYSTEMPATH\Boot.php(417): CodeIgniter\CodeIgniter->run()
13 SYSTEMPATH\Boot.php(68): CodeIgniter\Boot::runCodeIgniter(Object(CodeIgniter\CodeIgniter))
14 FCPATH\index.php(59): CodeIgniter\Boot::bootWeb(Object(Config\Paths))
CRITICAL - 2026-05-02 00:11:11 --> TypeError: Cannot access offset of type string on string
[Method: GET, Route: admin/wilayah]
in APPPATH\Views\v_index.php on line 31.
 1 SYSTEMPATH\View\View.php(240): include()
 2 SYSTEMPATH\View\View.php(243): CodeIgniter\View\View->CodeIgniter\View\{closure}()
 3 SYSTEMPATH\Common.php(1250): CodeIgniter\View\View->render('v_index', [], true)
 4 APPPATH\Views\v_template_back_end.php(214): view('v_index')
 5 SYSTEMPATH\View\View.php(240): include('C:\\laragon\\www\\gis-spbu-ci4\\app\\Views\\v_template_back_end.php')
 6 SYSTEMPATH\View\View.php(243): CodeIgniter\View\View->CodeIgniter\View\{closure}()
 7 SYSTEMPATH\Common.php(1250): CodeIgniter\View\View->render('v_template_back_end', [], true)
 8 APPPATH\Controllers\Wilayah.php(23): view('v_template_back_end', [...])
 9 SYSTEMPATH\CodeIgniter.php(951): App\Controllers\Wilayah->index()
10 SYSTEMPATH\CodeIgniter.php(497): CodeIgniter\CodeIgniter->runController(Object(App\Controllers\Wilayah))
11 SYSTEMPATH\CodeIgniter.php(340): CodeIgniter\CodeIgniter->handleRequest(null, Object(Config\Cache), false)
12 SYSTEMPATH\Boot.php(417): CodeIgniter\CodeIgniter->run()
13 SYSTEMPATH\Boot.php(68): CodeIgniter\Boot::runCodeIgniter(Object(CodeIgniter\CodeIgniter))
14 FCPATH\index.php(59): CodeIgniter\Boot::bootWeb(Object(Config\Paths))
CRITICAL - 2026-05-02 00:11:12 --> TypeError: Cannot access offset of type string on string
[Method: GET, Route: admin/wilayah]
in APPPATH\Views\v_index.php on line 31.
 1 SYSTEMPATH\View\View.php(240): include()
 2 SYSTEMPATH\View\View.php(243): CodeIgniter\View\View->CodeIgniter\View\{closure}()
 3 SYSTEMPATH\Common.php(1250): CodeIgniter\View\View->render('v_index', [], true)
 4 APPPATH\Views\v_template_back_end.php(214): view('v_index')
 5 SYSTEMPATH\View\View.php(240): include('C:\\laragon\\www\\gis-spbu-ci4\\app\\Views\\v_template_back_end.php')
 6 SYSTEMPATH\View\View.php(243): CodeIgniter\View\View->CodeIgniter\View\{closure}()
 7 SYSTEMPATH\Common.php(1250): CodeIgniter\View\View->render('v_template_back_end', [], true)
 8 APPPATH\Controllers\Wilayah.php(23): view('v_template_back_end', [...])
 9 SYSTEMPATH\CodeIgniter.php(951): App\Controllers\Wilayah->index()
10 SYSTEMPATH\CodeIgniter.php(497): CodeIgniter\CodeIgniter->runController(Object(App\Controllers\Wilayah))
11 SYSTEMPATH\CodeIgniter.php(340): CodeIgniter\CodeIgniter->handleRequest(null, Object(Config\Cache), false)
12 SYSTEMPATH\Boot.php(417): CodeIgniter\CodeIgniter->run()
13 SYSTEMPATH\Boot.php(68): CodeIgniter\Boot::runCodeIgniter(Object(CodeIgniter\CodeIgniter))
14 FCPATH\index.php(59): CodeIgniter\Boot::bootWeb(Object(Config\Paths))
CRITICAL - 2026-05-02 00:11:12 --> TypeError: Cannot access offset of type string on string
[Method: GET, Route: admin/wilayah]
in APPPATH\Views\v_index.php on line 31.
 1 SYSTEMPATH\View\View.php(240): include()
 2 SYSTEMPATH\View\View.php(243): CodeIgniter\View\View->CodeIgniter\View\{closure}()
 3 SYSTEMPATH\Common.php(1250): CodeIgniter\View\View->render('v_index', [], true)
 4 APPPATH\Views\v_template_back_end.php(214): view('v_index')
 5 SYSTEMPATH\View\View.php(240): include('C:\\laragon\\www\\gis-spbu-ci4\\app\\Views\\v_template_back_end.php')
 6 SYSTEMPATH\View\View.php(243): CodeIgniter\View\View->CodeIgniter\View\{closure}()
 7 SYSTEMPATH\Common.php(1250): CodeIgniter\View\View->render('v_template_back_end', [], true)
 8 APPPATH\Controllers\Wilayah.php(23): view('v_template_back_end', [...])
 9 SYSTEMPATH\CodeIgniter.php(951): App\Controllers\Wilayah->index()
10 SYSTEMPATH\CodeIgniter.php(497): CodeIgniter\CodeIgniter->runController(Object(App\Controllers\Wilayah))
11 SYSTEMPATH\CodeIgniter.php(340): CodeIgniter\CodeIgniter->handleRequest(null, Object(Config\Cache), false)
12 SYSTEMPATH\Boot.php(417): CodeIgniter\CodeIgniter->run()
13 SYSTEMPATH\Boot.php(68): CodeIgniter\Boot::runCodeIgniter(Object(CodeIgniter\CodeIgniter))
14 FCPATH\index.php(59): CodeIgniter\Boot::bootWeb(Object(Config\Paths))
CRITICAL - 2026-05-02 00:11:13 --> TypeError: Cannot access offset of type string on string
[Method: GET, Route: admin/wilayah]
in APPPATH\Views\v_index.php on line 31.
 1 SYSTEMPATH\View\View.php(240): include()
 2 SYSTEMPATH\View\View.php(243): CodeIgniter\View\View->CodeIgniter\View\{closure}()
 3 SYSTEMPATH\Common.php(1250): CodeIgniter\View\View->render('v_index', [], true)
 4 APPPATH\Views\v_template_back_end.php(214): view('v_index')
 5 SYSTEMPATH\View\View.php(240): include('C:\\laragon\\www\\gis-spbu-ci4\\app\\Views\\v_template_back_end.php')
 6 SYSTEMPATH\View\View.php(243): CodeIgniter\View\View->CodeIgniter\View\{closure}()
 7 SYSTEMPATH\Common.php(1250): CodeIgniter\View\View->render('v_template_back_end', [], true)
 8 APPPATH\Controllers\Wilayah.php(23): view('v_template_back_end', [...])
 9 SYSTEMPATH\CodeIgniter.php(951): App\Controllers\Wilayah->index()
10 SYSTEMPATH\CodeIgniter.php(497): CodeIgniter\CodeIgniter->runController(Object(App\Controllers\Wilayah))
11 SYSTEMPATH\CodeIgniter.php(340): CodeIgniter\CodeIgniter->handleRequest(null, Object(Config\Cache), false)
12 SYSTEMPATH\Boot.php(417): CodeIgniter\CodeIgniter->run()
13 SYSTEMPATH\Boot.php(68): CodeIgniter\Boot::runCodeIgniter(Object(CodeIgniter\CodeIgniter))
14 FCPATH\index.php(59): CodeIgniter\Boot::bootWeb(Object(Config\Paths))
CRITICAL - 2026-05-02 00:11:13 --> TypeError: Cannot access offset of type string on string
[Method: GET, Route: admin/wilayah]
in APPPATH\Views\v_index.php on line 31.
 1 SYSTEMPATH\View\View.php(240): include()
 2 SYSTEMPATH\View\View.php(243): CodeIgniter\View\View->CodeIgniter\View\{closure}()
 3 SYSTEMPATH\Common.php(1250): CodeIgniter\View\View->render('v_index', [], true)
 4 APPPATH\Views\v_template_back_end.php(214): view('v_index')
 5 SYSTEMPATH\View\View.php(240): include('C:\\laragon\\www\\gis-spbu-ci4\\app\\Views\\v_template_back_end.php')
 6 SYSTEMPATH\View\View.php(243): CodeIgniter\View\View->CodeIgniter\View\{closure}()
 7 SYSTEMPATH\Common.php(1250): CodeIgniter\View\View->render('v_template_back_end', [], true)
 8 APPPATH\Controllers\Wilayah.php(23): view('v_template_back_end', [...])
 9 SYSTEMPATH\CodeIgniter.php(951): App\Controllers\Wilayah->index()
10 SYSTEMPATH\CodeIgniter.php(497): CodeIgniter\CodeIgniter->runController(Object(App\Controllers\Wilayah))
11 SYSTEMPATH\CodeIgniter.php(340): CodeIgniter\CodeIgniter->handleRequest(null, Object(Config\Cache), false)
12 SYSTEMPATH\Boot.php(417): CodeIgniter\CodeIgniter->run()
13 SYSTEMPATH\Boot.php(68): CodeIgniter\Boot::runCodeIgniter(Object(CodeIgniter\CodeIgniter))
14 FCPATH\index.php(59): CodeIgniter\Boot::bootWeb(Object(Config\Paths))
CRITICAL - 2026-05-02 00:11:13 --> TypeError: Cannot access offset of type string on string
[Method: GET, Route: admin/wilayah]
in APPPATH\Views\v_index.php on line 31.
 1 SYSTEMPATH\View\View.php(240): include()
 2 SYSTEMPATH\View\View.php(243): CodeIgniter\View\View->CodeIgniter\View\{closure}()
 3 SYSTEMPATH\Common.php(1250): CodeIgniter\View\View->render('v_index', [], true)
 4 APPPATH\Views\v_template_back_end.php(214): view('v_index')
 5 SYSTEMPATH\View\View.php(240): include('C:\\laragon\\www\\gis-spbu-ci4\\app\\Views\\v_template_back_end.php')
 6 SYSTEMPATH\View\View.php(243): CodeIgniter\View\View->CodeIgniter\View\{closure}()
 7 SYSTEMPATH\Common.php(1250): CodeIgniter\View\View->render('v_template_back_end', [], true)
 8 APPPATH\Controllers\Wilayah.php(23): view('v_template_back_end', [...])
 9 SYSTEMPATH\CodeIgniter.php(951): App\Controllers\Wilayah->index()
10 SYSTEMPATH\CodeIgniter.php(497): CodeIgniter\CodeIgniter->runController(Object(App\Controllers\Wilayah))
11 SYSTEMPATH\CodeIgniter.php(340): CodeIgniter\CodeIgniter->handleRequest(null, Object(Config\Cache), false)
12 SYSTEMPATH\Boot.php(417): CodeIgniter\CodeIgniter->run()
13 SYSTEMPATH\Boot.php(68): CodeIgniter\Boot::runCodeIgniter(Object(CodeIgniter\CodeIgniter))
14 FCPATH\index.php(59): CodeIgniter\Boot::bootWeb(Object(Config\Paths))
CRITICAL - 2026-05-02 00:11:14 --> TypeError: Cannot access offset of type string on string
[Method: GET, Route: admin/wilayah]
in APPPATH\Views\v_index.php on line 31.
 1 SYSTEMPATH\View\View.php(240): include()
 2 SYSTEMPATH\View\View.php(243): CodeIgniter\View\View->CodeIgniter\View\{closure}()
 3 SYSTEMPATH\Common.php(1250): CodeIgniter\View\View->render('v_index', [], true)
 4 APPPATH\Views\v_template_back_end.php(214): view('v_index')
 5 SYSTEMPATH\View\View.php(240): include('C:\\laragon\\www\\gis-spbu-ci4\\app\\Views\\v_template_back_end.php')
 6 SYSTEMPATH\View\View.php(243): CodeIgniter\View\View->CodeIgniter\View\{closure}()
 7 SYSTEMPATH\Common.php(1250): CodeIgniter\View\View->render('v_template_back_end', [], true)
 8 APPPATH\Controllers\Wilayah.php(23): view('v_template_back_end', [...])
 9 SYSTEMPATH\CodeIgniter.php(951): App\Controllers\Wilayah->index()
10 SYSTEMPATH\CodeIgniter.php(497): CodeIgniter\CodeIgniter->runController(Object(App\Controllers\Wilayah))
11 SYSTEMPATH\CodeIgniter.php(340): CodeIgniter\CodeIgniter->handleRequest(null, Object(Config\Cache), false)
12 SYSTEMPATH\Boot.php(417): CodeIgniter\CodeIgniter->run()
13 SYSTEMPATH\Boot.php(68): CodeIgniter\Boot::runCodeIgniter(Object(CodeIgniter\CodeIgniter))
14 FCPATH\index.php(59): CodeIgniter\Boot::bootWeb(Object(Config\Paths))
CRITICAL - 2026-05-02 00:11:16 --> TypeError: Cannot access offset of type string on string
[Method: GET, Route: admin/wilayah]
in APPPATH\Views\v_index.php on line 31.
 1 SYSTEMPATH\View\View.php(240): include()
 2 SYSTEMPATH\View\View.php(243): CodeIgniter\View\View->CodeIgniter\View\{closure}()
 3 SYSTEMPATH\Common.php(1250): CodeIgniter\View\View->render('v_index', [], true)
 4 APPPATH\Views\v_template_back_end.php(214): view('v_index')
 5 SYSTEMPATH\View\View.php(240): include('C:\\laragon\\www\\gis-spbu-ci4\\app\\Views\\v_template_back_end.php')
 6 SYSTEMPATH\View\View.php(243): CodeIgniter\View\View->CodeIgniter\View\{closure}()
 7 SYSTEMPATH\Common.php(1250): CodeIgniter\View\View->render('v_template_back_end', [], true)
 8 APPPATH\Controllers\Wilayah.php(23): view('v_template_back_end', [...])
 9 SYSTEMPATH\CodeIgniter.php(951): App\Controllers\Wilayah->index()
10 SYSTEMPATH\CodeIgniter.php(497): CodeIgniter\CodeIgniter->runController(Object(App\Controllers\Wilayah))
11 SYSTEMPATH\CodeIgniter.php(340): CodeIgniter\CodeIgniter->handleRequest(null, Object(Config\Cache), false)
12 SYSTEMPATH\Boot.php(417): CodeIgniter\CodeIgniter->run()
13 SYSTEMPATH\Boot.php(68): CodeIgniter\Boot::runCodeIgniter(Object(CodeIgniter\CodeIgniter))
14 FCPATH\index.php(59): CodeIgniter\Boot::bootWeb(Object(Config\Paths))
CRITICAL - 2026-05-02 00:12:32 --> TypeError: Cannot access offset of type string on string
[Method: GET, Route: admin/wilayah]
in APPPATH\Views\v_index.php on line 30.
 1 SYSTEMPATH\View\View.php(240): include()
 2 SYSTEMPATH\View\View.php(243): CodeIgniter\View\View->CodeIgniter\View\{closure}()
 3 SYSTEMPATH\Common.php(1250): CodeIgniter\View\View->render('v_index', [], true)
 4 APPPATH\Views\v_template_back_end.php(214): view('v_index')
 5 SYSTEMPATH\View\View.php(240): include('C:\\laragon\\www\\gis-spbu-ci4\\app\\Views\\v_template_back_end.php')
 6 SYSTEMPATH\View\View.php(243): CodeIgniter\View\View->CodeIgniter\View\{closure}()
 7 SYSTEMPATH\Common.php(1250): CodeIgniter\View\View->render('v_template_back_end', [], true)
 8 APPPATH\Controllers\Wilayah.php(23): view('v_template_back_end', [...])
 9 SYSTEMPATH\CodeIgniter.php(951): App\Controllers\Wilayah->index()
10 SYSTEMPATH\CodeIgniter.php(497): CodeIgniter\CodeIgniter->runController(Object(App\Controllers\Wilayah))
11 SYSTEMPATH\CodeIgniter.php(340): CodeIgniter\CodeIgniter->handleRequest(null, Object(Config\Cache), false)
12 SYSTEMPATH\Boot.php(417): CodeIgniter\CodeIgniter->run()
13 SYSTEMPATH\Boot.php(68): CodeIgniter\Boot::runCodeIgniter(Object(CodeIgniter\CodeIgniter))
14 FCPATH\index.php(59): CodeIgniter\Boot::bootWeb(Object(Config\Paths))
CRITICAL - 2026-05-02 00:12:33 --> TypeError: Cannot access offset of type string on string
[Method: GET, Route: admin/wilayah]
in APPPATH\Views\v_index.php on line 30.
 1 SYSTEMPATH\View\View.php(240): include()
 2 SYSTEMPATH\View\View.php(243): CodeIgniter\View\View->CodeIgniter\View\{closure}()
 3 SYSTEMPATH\Common.php(1250): CodeIgniter\View\View->render('v_index', [], true)
 4 APPPATH\Views\v_template_back_end.php(214): view('v_index')
 5 SYSTEMPATH\View\View.php(240): include('C:\\laragon\\www\\gis-spbu-ci4\\app\\Views\\v_template_back_end.php')
 6 SYSTEMPATH\View\View.php(243): CodeIgniter\View\View->CodeIgniter\View\{closure}()
 7 SYSTEMPATH\Common.php(1250): CodeIgniter\View\View->render('v_template_back_end', [], true)
 8 APPPATH\Controllers\Wilayah.php(23): view('v_template_back_end', [...])
 9 SYSTEMPATH\CodeIgniter.php(951): App\Controllers\Wilayah->index()
10 SYSTEMPATH\CodeIgniter.php(497): CodeIgniter\CodeIgniter->runController(Object(App\Controllers\Wilayah))
11 SYSTEMPATH\CodeIgniter.php(340): CodeIgniter\CodeIgniter->handleRequest(null, Object(Config\Cache), false)
12 SYSTEMPATH\Boot.php(417): CodeIgniter\CodeIgniter->run()
13 SYSTEMPATH\Boot.php(68): CodeIgniter\Boot::runCodeIgniter(Object(CodeIgniter\CodeIgniter))
14 FCPATH\index.php(59): CodeIgniter\Boot::bootWeb(Object(Config\Paths))
CRITICAL - 2026-05-02 00:12:34 --> TypeError: Cannot access offset of type string on string
[Method: GET, Route: admin/wilayah]
in APPPATH\Views\v_index.php on line 30.
 1 SYSTEMPATH\View\View.php(240): include()
 2 SYSTEMPATH\View\View.php(243): CodeIgniter\View\View->CodeIgniter\View\{closure}()
 3 SYSTEMPATH\Common.php(1250): CodeIgniter\View\View->render('v_index', [], true)
 4 APPPATH\Views\v_template_back_end.php(214): view('v_index')
 5 SYSTEMPATH\View\View.php(240): include('C:\\laragon\\www\\gis-spbu-ci4\\app\\Views\\v_template_back_end.php')
 6 SYSTEMPATH\View\View.php(243): CodeIgniter\View\View->CodeIgniter\View\{closure}()
 7 SYSTEMPATH\Common.php(1250): CodeIgniter\View\View->render('v_template_back_end', [], true)
 8 APPPATH\Controllers\Wilayah.php(23): view('v_template_back_end', [...])
 9 SYSTEMPATH\CodeIgniter.php(951): App\Controllers\Wilayah->index()
10 SYSTEMPATH\CodeIgniter.php(497): CodeIgniter\CodeIgniter->runController(Object(App\Controllers\Wilayah))
11 SYSTEMPATH\CodeIgniter.php(340): CodeIgniter\CodeIgniter->handleRequest(null, Object(Config\Cache), false)
12 SYSTEMPATH\Boot.php(417): CodeIgniter\CodeIgniter->run()
13 SYSTEMPATH\Boot.php(68): CodeIgniter\Boot::runCodeIgniter(Object(CodeIgniter\CodeIgniter))
14 FCPATH\index.php(59): CodeIgniter\Boot::bootWeb(Object(Config\Paths))
CRITICAL - 2026-05-02 00:12:34 --> TypeError: Cannot access offset of type string on string
[Method: GET, Route: admin/wilayah]
in APPPATH\Views\v_index.php on line 30.
 1 SYSTEMPATH\View\View.php(240): include()
 2 SYSTEMPATH\View\View.php(243): CodeIgniter\View\View->CodeIgniter\View\{closure}()
 3 SYSTEMPATH\Common.php(1250): CodeIgniter\View\View->render('v_index', [], true)
 4 APPPATH\Views\v_template_back_end.php(214): view('v_index')
 5 SYSTEMPATH\View\View.php(240): include('C:\\laragon\\www\\gis-spbu-ci4\\app\\Views\\v_template_back_end.php')
 6 SYSTEMPATH\View\View.php(243): CodeIgniter\View\View->CodeIgniter\View\{closure}()
 7 SYSTEMPATH\Common.php(1250): CodeIgniter\View\View->render('v_template_back_end', [], true)
 8 APPPATH\Controllers\Wilayah.php(23): view('v_template_back_end', [...])
 9 SYSTEMPATH\CodeIgniter.php(951): App\Controllers\Wilayah->index()
10 SYSTEMPATH\CodeIgniter.php(497): CodeIgniter\CodeIgniter->runController(Object(App\Controllers\Wilayah))
11 SYSTEMPATH\CodeIgniter.php(340): CodeIgniter\CodeIgniter->handleRequest(null, Object(Config\Cache), false)
12 SYSTEMPATH\Boot.php(417): CodeIgniter\CodeIgniter->run()
13 SYSTEMPATH\Boot.php(68): CodeIgniter\Boot::runCodeIgniter(Object(CodeIgniter\CodeIgniter))
14 FCPATH\index.php(59): CodeIgniter\Boot::bootWeb(Object(Config\Paths))
CRITICAL - 2026-05-02 00:12:34 --> TypeError: Cannot access offset of type string on string
[Method: GET, Route: admin/wilayah]
in APPPATH\Views\v_index.php on line 30.
 1 SYSTEMPATH\View\View.php(240): include()
 2 SYSTEMPATH\View\View.php(243): CodeIgniter\View\View->CodeIgniter\View\{closure}()
 3 SYSTEMPATH\Common.php(1250): CodeIgniter\View\View->render('v_index', [], true)
 4 APPPATH\Views\v_template_back_end.php(214): view('v_index')
 5 SYSTEMPATH\View\View.php(240): include('C:\\laragon\\www\\gis-spbu-ci4\\app\\Views\\v_template_back_end.php')
 6 SYSTEMPATH\View\View.php(243): CodeIgniter\View\View->CodeIgniter\View\{closure}()
 7 SYSTEMPATH\Common.php(1250): CodeIgniter\View\View->render('v_template_back_end', [], true)
 8 APPPATH\Controllers\Wilayah.php(23): view('v_template_back_end', [...])
 9 SYSTEMPATH\CodeIgniter.php(951): App\Controllers\Wilayah->index()
10 SYSTEMPATH\CodeIgniter.php(497): CodeIgniter\CodeIgniter->runController(Object(App\Controllers\Wilayah))
11 SYSTEMPATH\CodeIgniter.php(340): CodeIgniter\CodeIgniter->handleRequest(null, Object(Config\Cache), false)
12 SYSTEMPATH\Boot.php(417): CodeIgniter\CodeIgniter->run()
13 SYSTEMPATH\Boot.php(68): CodeIgniter\Boot::runCodeIgniter(Object(CodeIgniter\CodeIgniter))
14 FCPATH\index.php(59): CodeIgniter\Boot::bootWeb(Object(Config\Paths))
CRITICAL - 2026-05-02 00:12:34 --> TypeError: Cannot access offset of type string on string
[Method: GET, Route: admin/wilayah]
in APPPATH\Views\v_index.php on line 30.
 1 SYSTEMPATH\View\View.php(240): include()
 2 SYSTEMPATH\View\View.php(243): CodeIgniter\View\View->CodeIgniter\View\{closure}()
 3 SYSTEMPATH\Common.php(1250): CodeIgniter\View\View->render('v_index', [], true)
 4 APPPATH\Views\v_template_back_end.php(214): view('v_index')
 5 SYSTEMPATH\View\View.php(240): include('C:\\laragon\\www\\gis-spbu-ci4\\app\\Views\\v_template_back_end.php')
 6 SYSTEMPATH\View\View.php(243): CodeIgniter\View\View->CodeIgniter\View\{closure}()
 7 SYSTEMPATH\Common.php(1250): CodeIgniter\View\View->render('v_template_back_end', [], true)
 8 APPPATH\Controllers\Wilayah.php(23): view('v_template_back_end', [...])
 9 SYSTEMPATH\CodeIgniter.php(951): App\Controllers\Wilayah->index()
10 SYSTEMPATH\CodeIgniter.php(497): CodeIgniter\CodeIgniter->runController(Object(App\Controllers\Wilayah))
11 SYSTEMPATH\CodeIgniter.php(340): CodeIgniter\CodeIgniter->handleRequest(null, Object(Config\Cache), false)
12 SYSTEMPATH\Boot.php(417): CodeIgniter\CodeIgniter->run()
13 SYSTEMPATH\Boot.php(68): CodeIgniter\Boot::runCodeIgniter(Object(CodeIgniter\CodeIgniter))
14 FCPATH\index.php(59): CodeIgniter\Boot::bootWeb(Object(Config\Paths))
CRITICAL - 2026-05-02 00:12:35 --> TypeError: Cannot access offset of type string on string
[Method: GET, Route: admin/wilayah]
in APPPATH\Views\v_index.php on line 30.
 1 SYSTEMPATH\View\View.php(240): include()
 2 SYSTEMPATH\View\View.php(243): CodeIgniter\View\View->CodeIgniter\View\{closure}()
 3 SYSTEMPATH\Common.php(1250): CodeIgniter\View\View->render('v_index', [], true)
 4 APPPATH\Views\v_template_back_end.php(214): view('v_index')
 5 SYSTEMPATH\View\View.php(240): include('C:\\laragon\\www\\gis-spbu-ci4\\app\\Views\\v_template_back_end.php')
 6 SYSTEMPATH\View\View.php(243): CodeIgniter\View\View->CodeIgniter\View\{closure}()
 7 SYSTEMPATH\Common.php(1250): CodeIgniter\View\View->render('v_template_back_end', [], true)
 8 APPPATH\Controllers\Wilayah.php(23): view('v_template_back_end', [...])
 9 SYSTEMPATH\CodeIgniter.php(951): App\Controllers\Wilayah->index()
10 SYSTEMPATH\CodeIgniter.php(497): CodeIgniter\CodeIgniter->runController(Object(App\Controllers\Wilayah))
11 SYSTEMPATH\CodeIgniter.php(340): CodeIgniter\CodeIgniter->handleRequest(null, Object(Config\Cache), false)
12 SYSTEMPATH\Boot.php(417): CodeIgniter\CodeIgniter->run()
13 SYSTEMPATH\Boot.php(68): CodeIgniter\Boot::runCodeIgniter(Object(CodeIgniter\CodeIgniter))
14 FCPATH\index.php(59): CodeIgniter\Boot::bootWeb(Object(Config\Paths))
CRITICAL - 2026-05-02 00:12:35 --> TypeError: Cannot access offset of type string on string
[Method: GET, Route: admin/wilayah]
in APPPATH\Views\v_index.php on line 30.
 1 SYSTEMPATH\View\View.php(240): include()
 2 SYSTEMPATH\View\View.php(243): CodeIgniter\View\View->CodeIgniter\View\{closure}()
 3 SYSTEMPATH\Common.php(1250): CodeIgniter\View\View->render('v_index', [], true)
 4 APPPATH\Views\v_template_back_end.php(214): view('v_index')
 5 SYSTEMPATH\View\View.php(240): include('C:\\laragon\\www\\gis-spbu-ci4\\app\\Views\\v_template_back_end.php')
 6 SYSTEMPATH\View\View.php(243): CodeIgniter\View\View->CodeIgniter\View\{closure}()
 7 SYSTEMPATH\Common.php(1250): CodeIgniter\View\View->render('v_template_back_end', [], true)
 8 APPPATH\Controllers\Wilayah.php(23): view('v_template_back_end', [...])
 9 SYSTEMPATH\CodeIgniter.php(951): App\Controllers\Wilayah->index()
10 SYSTEMPATH\CodeIgniter.php(497): CodeIgniter\CodeIgniter->runController(Object(App\Controllers\Wilayah))
11 SYSTEMPATH\CodeIgniter.php(340): CodeIgniter\CodeIgniter->handleRequest(null, Object(Config\Cache), false)
12 SYSTEMPATH\Boot.php(417): CodeIgniter\CodeIgniter->run()
13 SYSTEMPATH\Boot.php(68): CodeIgniter\Boot::runCodeIgniter(Object(CodeIgniter\CodeIgniter))
14 FCPATH\index.php(59): CodeIgniter\Boot::bootWeb(Object(Config\Paths))
CRITICAL - 2026-05-02 00:12:35 --> TypeError: Cannot access offset of type string on string
[Method: GET, Route: admin/wilayah]
in APPPATH\Views\v_index.php on line 30.
 1 SYSTEMPATH\View\View.php(240): include()
 2 SYSTEMPATH\View\View.php(243): CodeIgniter\View\View->CodeIgniter\View\{closure}()
 3 SYSTEMPATH\Common.php(1250): CodeIgniter\View\View->render('v_index', [], true)
 4 APPPATH\Views\v_template_back_end.php(214): view('v_index')
 5 SYSTEMPATH\View\View.php(240): include('C:\\laragon\\www\\gis-spbu-ci4\\app\\Views\\v_template_back_end.php')
 6 SYSTEMPATH\View\View.php(243): CodeIgniter\View\View->CodeIgniter\View\{closure}()
 7 SYSTEMPATH\Common.php(1250): CodeIgniter\View\View->render('v_template_back_end', [], true)
 8 APPPATH\Controllers\Wilayah.php(23): view('v_template_back_end', [...])
 9 SYSTEMPATH\CodeIgniter.php(951): App\Controllers\Wilayah->index()
10 SYSTEMPATH\CodeIgniter.php(497): CodeIgniter\CodeIgniter->runController(Object(App\Controllers\Wilayah))
11 SYSTEMPATH\CodeIgniter.php(340): CodeIgniter\CodeIgniter->handleRequest(null, Object(Config\Cache), false)
12 SYSTEMPATH\Boot.php(417): CodeIgniter\CodeIgniter->run()
13 SYSTEMPATH\Boot.php(68): CodeIgniter\Boot::runCodeIgniter(Object(CodeIgniter\CodeIgniter))
14 FCPATH\index.php(59): CodeIgniter\Boot::bootWeb(Object(Config\Paths))
CRITICAL - 2026-05-02 00:12:35 --> TypeError: Cannot access offset of type string on string
[Method: GET, Route: admin/wilayah]
in APPPATH\Views\v_index.php on line 30.
 1 SYSTEMPATH\View\View.php(240): include()
 2 SYSTEMPATH\View\View.php(243): CodeIgniter\View\View->CodeIgniter\View\{closure}()
 3 SYSTEMPATH\Common.php(1250): CodeIgniter\View\View->render('v_index', [], true)
 4 APPPATH\Views\v_template_back_end.php(214): view('v_index')
 5 SYSTEMPATH\View\View.php(240): include('C:\\laragon\\www\\gis-spbu-ci4\\app\\Views\\v_template_back_end.php')
 6 SYSTEMPATH\View\View.php(243): CodeIgniter\View\View->CodeIgniter\View\{closure}()
 7 SYSTEMPATH\Common.php(1250): CodeIgniter\View\View->render('v_template_back_end', [], true)
 8 APPPATH\Controllers\Wilayah.php(23): view('v_template_back_end', [...])
 9 SYSTEMPATH\CodeIgniter.php(951): App\Controllers\Wilayah->index()
10 SYSTEMPATH\CodeIgniter.php(497): CodeIgniter\CodeIgniter->runController(Object(App\Controllers\Wilayah))
11 SYSTEMPATH\CodeIgniter.php(340): CodeIgniter\CodeIgniter->handleRequest(null, Object(Config\Cache), false)
12 SYSTEMPATH\Boot.php(417): CodeIgniter\CodeIgniter->run()
13 SYSTEMPATH\Boot.php(68): CodeIgniter\Boot::runCodeIgniter(Object(CodeIgniter\CodeIgniter))
14 FCPATH\index.php(59): CodeIgniter\Boot::bootWeb(Object(Config\Paths))
CRITICAL - 2026-05-02 00:12:36 --> TypeError: Cannot access offset of type string on string
[Method: GET, Route: admin/wilayah]
in APPPATH\Views\v_index.php on line 30.
 1 SYSTEMPATH\View\View.php(240): include()
 2 SYSTEMPATH\View\View.php(243): CodeIgniter\View\View->CodeIgniter\View\{closure}()
 3 SYSTEMPATH\Common.php(1250): CodeIgniter\View\View->render('v_index', [], true)
 4 APPPATH\Views\v_template_back_end.php(214): view('v_index')
 5 SYSTEMPATH\View\View.php(240): include('C:\\laragon\\www\\gis-spbu-ci4\\app\\Views\\v_template_back_end.php')
 6 SYSTEMPATH\View\View.php(243): CodeIgniter\View\View->CodeIgniter\View\{closure}()
 7 SYSTEMPATH\Common.php(1250): CodeIgniter\View\View->render('v_template_back_end', [], true)
 8 APPPATH\Controllers\Wilayah.php(23): view('v_template_back_end', [...])
 9 SYSTEMPATH\CodeIgniter.php(951): App\Controllers\Wilayah->index()
10 SYSTEMPATH\CodeIgniter.php(497): CodeIgniter\CodeIgniter->runController(Object(App\Controllers\Wilayah))
11 SYSTEMPATH\CodeIgniter.php(340): CodeIgniter\CodeIgniter->handleRequest(null, Object(Config\Cache), false)
12 SYSTEMPATH\Boot.php(417): CodeIgniter\CodeIgniter->run()
13 SYSTEMPATH\Boot.php(68): CodeIgniter\Boot::runCodeIgniter(Object(CodeIgniter\CodeIgniter))
14 FCPATH\index.php(59): CodeIgniter\Boot::bootWeb(Object(Config\Paths))
CRITICAL - 2026-05-02 00:12:53 --> ParseError: Unclosed '{' on line 27
[Method: GET, Route: admin/wilayah]
in APPPATH\Views\v_index.php on line 58.
 1 SYSTEMPATH\View\View.php(243): CodeIgniter\View\View->CodeIgniter\View\{closure}()
 2 SYSTEMPATH\Common.php(1250): CodeIgniter\View\View->render('v_index', [], true)
 3 APPPATH\Views\v_template_back_end.php(214): view('v_index')
 4 SYSTEMPATH\View\View.php(240): include('C:\\laragon\\www\\gis-spbu-ci4\\app\\Views\\v_template_back_end.php')
 5 SYSTEMPATH\View\View.php(243): CodeIgniter\View\View->CodeIgniter\View\{closure}()
 6 SYSTEMPATH\Common.php(1250): CodeIgniter\View\View->render('v_template_back_end', [], true)
 7 APPPATH\Controllers\Wilayah.php(23): view('v_template_back_end', [...])
 8 SYSTEMPATH\CodeIgniter.php(951): App\Controllers\Wilayah->index()
 9 SYSTEMPATH\CodeIgniter.php(497): CodeIgniter\CodeIgniter->runController(Object(App\Controllers\Wilayah))
10 SYSTEMPATH\CodeIgniter.php(340): CodeIgniter\CodeIgniter->handleRequest(null, Object(Config\Cache), false)
11 SYSTEMPATH\Boot.php(417): CodeIgniter\CodeIgniter->run()
12 SYSTEMPATH\Boot.php(68): CodeIgniter\Boot::runCodeIgniter(Object(CodeIgniter\CodeIgniter))
13 FCPATH\index.php(59): CodeIgniter\Boot::bootWeb(Object(Config\Paths))
CRITICAL - 2026-05-02 00:12:53 --> ParseError: Unclosed '{' on line 27
[Method: GET, Route: admin/wilayah]
in APPPATH\Views\v_index.php on line 58.
 1 SYSTEMPATH\View\View.php(243): CodeIgniter\View\View->CodeIgniter\View\{closure}()
 2 SYSTEMPATH\Common.php(1250): CodeIgniter\View\View->render('v_index', [], true)
 3 APPPATH\Views\v_template_back_end.php(214): view('v_index')
 4 SYSTEMPATH\View\View.php(240): include('C:\\laragon\\www\\gis-spbu-ci4\\app\\Views\\v_template_back_end.php')
 5 SYSTEMPATH\View\View.php(243): CodeIgniter\View\View->CodeIgniter\View\{closure}()
 6 SYSTEMPATH\Common.php(1250): CodeIgniter\View\View->render('v_template_back_end', [], true)
 7 APPPATH\Controllers\Wilayah.php(23): view('v_template_back_end', [...])
 8 SYSTEMPATH\CodeIgniter.php(951): App\Controllers\Wilayah->index()
 9 SYSTEMPATH\CodeIgniter.php(497): CodeIgniter\CodeIgniter->runController(Object(App\Controllers\Wilayah))
10 SYSTEMPATH\CodeIgniter.php(340): CodeIgniter\CodeIgniter->handleRequest(null, Object(Config\Cache), false)
11 SYSTEMPATH\Boot.php(417): CodeIgniter\CodeIgniter->run()
12 SYSTEMPATH\Boot.php(68): CodeIgniter\Boot::runCodeIgniter(Object(CodeIgniter\CodeIgniter))
13 FCPATH\index.php(59): CodeIgniter\Boot::bootWeb(Object(Config\Paths))
CRITICAL - 2026-05-02 00:12:54 --> ParseError: Unclosed '{' on line 27
[Method: GET, Route: admin/wilayah]
in APPPATH\Views\v_index.php on line 58.
 1 SYSTEMPATH\View\View.php(243): CodeIgniter\View\View->CodeIgniter\View\{closure}()
 2 SYSTEMPATH\Common.php(1250): CodeIgniter\View\View->render('v_index', [], true)
 3 APPPATH\Views\v_template_back_end.php(214): view('v_index')
 4 SYSTEMPATH\View\View.php(240): include('C:\\laragon\\www\\gis-spbu-ci4\\app\\Views\\v_template_back_end.php')
 5 SYSTEMPATH\View\View.php(243): CodeIgniter\View\View->CodeIgniter\View\{closure}()
 6 SYSTEMPATH\Common.php(1250): CodeIgniter\View\View->render('v_template_back_end', [], true)
 7 APPPATH\Controllers\Wilayah.php(23): view('v_template_back_end', [...])
 8 SYSTEMPATH\CodeIgniter.php(951): App\Controllers\Wilayah->index()
 9 SYSTEMPATH\CodeIgniter.php(497): CodeIgniter\CodeIgniter->runController(Object(App\Controllers\Wilayah))
10 SYSTEMPATH\CodeIgniter.php(340): CodeIgniter\CodeIgniter->handleRequest(null, Object(Config\Cache), false)
11 SYSTEMPATH\Boot.php(417): CodeIgniter\CodeIgniter->run()
12 SYSTEMPATH\Boot.php(68): CodeIgniter\Boot::runCodeIgniter(Object(CodeIgniter\CodeIgniter))
13 FCPATH\index.php(59): CodeIgniter\Boot::bootWeb(Object(Config\Paths))
CRITICAL - 2026-05-02 00:13:03 --> ParseError: Unclosed '{' on line 27
[Method: GET, Route: admin/wilayah]
in APPPATH\Views\v_index.php on line 58.
 1 SYSTEMPATH\View\View.php(243): CodeIgniter\View\View->CodeIgniter\View\{closure}()
 2 SYSTEMPATH\Common.php(1250): CodeIgniter\View\View->render('v_index', [], true)
 3 APPPATH\Views\v_template_back_end.php(214): view('v_index')
 4 SYSTEMPATH\View\View.php(240): include('C:\\laragon\\www\\gis-spbu-ci4\\app\\Views\\v_template_back_end.php')
 5 SYSTEMPATH\View\View.php(243): CodeIgniter\View\View->CodeIgniter\View\{closure}()
 6 SYSTEMPATH\Common.php(1250): CodeIgniter\View\View->render('v_template_back_end', [], true)
 7 APPPATH\Controllers\Wilayah.php(23): view('v_template_back_end', [...])
 8 SYSTEMPATH\CodeIgniter.php(951): App\Controllers\Wilayah->index()
 9 SYSTEMPATH\CodeIgniter.php(497): CodeIgniter\CodeIgniter->runController(Object(App\Controllers\Wilayah))
10 SYSTEMPATH\CodeIgniter.php(340): CodeIgniter\CodeIgniter->handleRequest(null, Object(Config\Cache), false)
11 SYSTEMPATH\Boot.php(417): CodeIgniter\CodeIgniter->run()
12 SYSTEMPATH\Boot.php(68): CodeIgniter\Boot::runCodeIgniter(Object(CodeIgniter\CodeIgniter))
13 FCPATH\index.php(59): CodeIgniter\Boot::bootWeb(Object(Config\Paths))
CRITICAL - 2026-05-02 00:13:04 --> ParseError: Unclosed '{' on line 27
[Method: GET, Route: admin/wilayah]
in APPPATH\Views\v_index.php on line 58.
 1 SYSTEMPATH\View\View.php(243): CodeIgniter\View\View->CodeIgniter\View\{closure}()
 2 SYSTEMPATH\Common.php(1250): CodeIgniter\View\View->render('v_index', [], true)
 3 APPPATH\Views\v_template_back_end.php(214): view('v_index')
 4 SYSTEMPATH\View\View.php(240): include('C:\\laragon\\www\\gis-spbu-ci4\\app\\Views\\v_template_back_end.php')
 5 SYSTEMPATH\View\View.php(243): CodeIgniter\View\View->CodeIgniter\View\{closure}()
 6 SYSTEMPATH\Common.php(1250): CodeIgniter\View\View->render('v_template_back_end', [], true)
 7 APPPATH\Controllers\Wilayah.php(23): view('v_template_back_end', [...])
 8 SYSTEMPATH\CodeIgniter.php(951): App\Controllers\Wilayah->index()
 9 SYSTEMPATH\CodeIgniter.php(497): CodeIgniter\CodeIgniter->runController(Object(App\Controllers\Wilayah))
10 SYSTEMPATH\CodeIgniter.php(340): CodeIgniter\CodeIgniter->handleRequest(null, Object(Config\Cache), false)
11 SYSTEMPATH\Boot.php(417): CodeIgniter\CodeIgniter->run()
12 SYSTEMPATH\Boot.php(68): CodeIgniter\Boot::runCodeIgniter(Object(CodeIgniter\CodeIgniter))
13 FCPATH\index.php(59): CodeIgniter\Boot::bootWeb(Object(Config\Paths))
CRITICAL - 2026-05-02 00:15:21 --> TypeError: Cannot access offset of type string on string
[Method: GET, Route: admin/wilayah]
in APPPATH\Views\v_index.php on line 30.
 1 SYSTEMPATH\View\View.php(240): include()
 2 SYSTEMPATH\View\View.php(243): CodeIgniter\View\View->CodeIgniter\View\{closure}()
 3 SYSTEMPATH\Common.php(1250): CodeIgniter\View\View->render('v_index', [], true)
 4 APPPATH\Views\v_template_back_end.php(214): view('v_index')
 5 SYSTEMPATH\View\View.php(240): include('C:\\laragon\\www\\gis-spbu-ci4\\app\\Views\\v_template_back_end.php')
 6 SYSTEMPATH\View\View.php(243): CodeIgniter\View\View->CodeIgniter\View\{closure}()
 7 SYSTEMPATH\Common.php(1250): CodeIgniter\View\View->render('v_template_back_end', [], true)
 8 APPPATH\Controllers\Wilayah.php(23): view('v_template_back_end', [...])
 9 SYSTEMPATH\CodeIgniter.php(951): App\Controllers\Wilayah->index()
10 SYSTEMPATH\CodeIgniter.php(497): CodeIgniter\CodeIgniter->runController(Object(App\Controllers\Wilayah))
11 SYSTEMPATH\CodeIgniter.php(340): CodeIgniter\CodeIgniter->handleRequest(null, Object(Config\Cache), false)
12 SYSTEMPATH\Boot.php(417): CodeIgniter\CodeIgniter->run()
13 SYSTEMPATH\Boot.php(68): CodeIgniter\Boot::runCodeIgniter(Object(CodeIgniter\CodeIgniter))
14 FCPATH\index.php(59): CodeIgniter\Boot::bootWeb(Object(Config\Paths))
CRITICAL - 2026-05-02 00:15:21 --> TypeError: Cannot access offset of type string on string
[Method: GET, Route: admin/wilayah]
in APPPATH\Views\v_index.php on line 30.
 1 SYSTEMPATH\View\View.php(240): include()
 2 SYSTEMPATH\View\View.php(243): CodeIgniter\View\View->CodeIgniter\View\{closure}()
 3 SYSTEMPATH\Common.php(1250): CodeIgniter\View\View->render('v_index', [], true)
 4 APPPATH\Views\v_template_back_end.php(214): view('v_index')
 5 SYSTEMPATH\View\View.php(240): include('C:\\laragon\\www\\gis-spbu-ci4\\app\\Views\\v_template_back_end.php')
 6 SYSTEMPATH\View\View.php(243): CodeIgniter\View\View->CodeIgniter\View\{closure}()
 7 SYSTEMPATH\Common.php(1250): CodeIgniter\View\View->render('v_template_back_end', [], true)
 8 APPPATH\Controllers\Wilayah.php(23): view('v_template_back_end', [...])
 9 SYSTEMPATH\CodeIgniter.php(951): App\Controllers\Wilayah->index()
10 SYSTEMPATH\CodeIgniter.php(497): CodeIgniter\CodeIgniter->runController(Object(App\Controllers\Wilayah))
11 SYSTEMPATH\CodeIgniter.php(340): CodeIgniter\CodeIgniter->handleRequest(null, Object(Config\Cache), false)
12 SYSTEMPATH\Boot.php(417): CodeIgniter\CodeIgniter->run()
13 SYSTEMPATH\Boot.php(68): CodeIgniter\Boot::runCodeIgniter(Object(CodeIgniter\CodeIgniter))
14 FCPATH\index.php(59): CodeIgniter\Boot::bootWeb(Object(Config\Paths))
CRITICAL - 2026-05-02 00:15:22 --> TypeError: Cannot access offset of type string on string
[Method: GET, Route: admin/wilayah]
in APPPATH\Views\v_index.php on line 30.
 1 SYSTEMPATH\View\View.php(240): include()
 2 SYSTEMPATH\View\View.php(243): CodeIgniter\View\View->CodeIgniter\View\{closure}()
 3 SYSTEMPATH\Common.php(1250): CodeIgniter\View\View->render('v_index', [], true)
 4 APPPATH\Views\v_template_back_end.php(214): view('v_index')
 5 SYSTEMPATH\View\View.php(240): include('C:\\laragon\\www\\gis-spbu-ci4\\app\\Views\\v_template_back_end.php')
 6 SYSTEMPATH\View\View.php(243): CodeIgniter\View\View->CodeIgniter\View\{closure}()
 7 SYSTEMPATH\Common.php(1250): CodeIgniter\View\View->render('v_template_back_end', [], true)
 8 APPPATH\Controllers\Wilayah.php(23): view('v_template_back_end', [...])
 9 SYSTEMPATH\CodeIgniter.php(951): App\Controllers\Wilayah->index()
10 SYSTEMPATH\CodeIgniter.php(497): CodeIgniter\CodeIgniter->runController(Object(App\Controllers\Wilayah))
11 SYSTEMPATH\CodeIgniter.php(340): CodeIgniter\CodeIgniter->handleRequest(null, Object(Config\Cache), false)
12 SYSTEMPATH\Boot.php(417): CodeIgniter\CodeIgniter->run()
13 SYSTEMPATH\Boot.php(68): CodeIgniter\Boot::runCodeIgniter(Object(CodeIgniter\CodeIgniter))
14 FCPATH\index.php(59): CodeIgniter\Boot::bootWeb(Object(Config\Paths))
CRITICAL - 2026-05-02 00:16:46 --> TypeError: Cannot access offset of type string on string
[Method: GET, Route: admin/wilayah]
in APPPATH\Views\v_index.php on line 30.
 1 SYSTEMPATH\View\View.php(240): include()
 2 SYSTEMPATH\View\View.php(243): CodeIgniter\View\View->CodeIgniter\View\{closure}()
 3 SYSTEMPATH\Common.php(1250): CodeIgniter\View\View->render('v_index', [], true)
 4 APPPATH\Views\v_template_back_end.php(214): view('v_index')
 5 SYSTEMPATH\View\View.php(240): include('C:\\laragon\\www\\gis-spbu-ci4\\app\\Views\\v_template_back_end.php')
 6 SYSTEMPATH\View\View.php(243): CodeIgniter\View\View->CodeIgniter\View\{closure}()
 7 SYSTEMPATH\Common.php(1250): CodeIgniter\View\View->render('v_template_back_end', [], true)
 8 APPPATH\Controllers\Wilayah.php(23): view('v_template_back_end', [...])
 9 SYSTEMPATH\CodeIgniter.php(951): App\Controllers\Wilayah->index()
10 SYSTEMPATH\CodeIgniter.php(497): CodeIgniter\CodeIgniter->runController(Object(App\Controllers\Wilayah))
11 SYSTEMPATH\CodeIgniter.php(340): CodeIgniter\CodeIgniter->handleRequest(null, Object(Config\Cache), false)
12 SYSTEMPATH\Boot.php(417): CodeIgniter\CodeIgniter->run()
13 SYSTEMPATH\Boot.php(68): CodeIgniter\Boot::runCodeIgniter(Object(CodeIgniter\CodeIgniter))
14 FCPATH\index.php(59): CodeIgniter\Boot::bootWeb(Object(Config\Paths))
CRITICAL - 2026-05-02 00:16:47 --> TypeError: Cannot access offset of type string on string
[Method: GET, Route: admin/wilayah]
in APPPATH\Views\v_index.php on line 30.
 1 SYSTEMPATH\View\View.php(240): include()
 2 SYSTEMPATH\View\View.php(243): CodeIgniter\View\View->CodeIgniter\View\{closure}()
 3 SYSTEMPATH\Common.php(1250): CodeIgniter\View\View->render('v_index', [], true)
 4 APPPATH\Views\v_template_back_end.php(214): view('v_index')
 5 SYSTEMPATH\View\View.php(240): include('C:\\laragon\\www\\gis-spbu-ci4\\app\\Views\\v_template_back_end.php')
 6 SYSTEMPATH\View\View.php(243): CodeIgniter\View\View->CodeIgniter\View\{closure}()
 7 SYSTEMPATH\Common.php(1250): CodeIgniter\View\View->render('v_template_back_end', [], true)
 8 APPPATH\Controllers\Wilayah.php(23): view('v_template_back_end', [...])
 9 SYSTEMPATH\CodeIgniter.php(951): App\Controllers\Wilayah->index()
10 SYSTEMPATH\CodeIgniter.php(497): CodeIgniter\CodeIgniter->runController(Object(App\Controllers\Wilayah))
11 SYSTEMPATH\CodeIgniter.php(340): CodeIgniter\CodeIgniter->handleRequest(null, Object(Config\Cache), false)
12 SYSTEMPATH\Boot.php(417): CodeIgniter\CodeIgniter->run()
13 SYSTEMPATH\Boot.php(68): CodeIgniter\Boot::runCodeIgniter(Object(CodeIgniter\CodeIgniter))
14 FCPATH\index.php(59): CodeIgniter\Boot::bootWeb(Object(Config\Paths))
CRITICAL - 2026-05-02 00:16:47 --> TypeError: Cannot access offset of type string on string
[Method: GET, Route: admin/wilayah]
in APPPATH\Views\v_index.php on line 30.
 1 SYSTEMPATH\View\View.php(240): include()
 2 SYSTEMPATH\View\View.php(243): CodeIgniter\View\View->CodeIgniter\View\{closure}()
 3 SYSTEMPATH\Common.php(1250): CodeIgniter\View\View->render('v_index', [], true)
 4 APPPATH\Views\v_template_back_end.php(214): view('v_index')
 5 SYSTEMPATH\View\View.php(240): include('C:\\laragon\\www\\gis-spbu-ci4\\app\\Views\\v_template_back_end.php')
 6 SYSTEMPATH\View\View.php(243): CodeIgniter\View\View->CodeIgniter\View\{closure}()
 7 SYSTEMPATH\Common.php(1250): CodeIgniter\View\View->render('v_template_back_end', [], true)
 8 APPPATH\Controllers\Wilayah.php(23): view('v_template_back_end', [...])
 9 SYSTEMPATH\CodeIgniter.php(951): App\Controllers\Wilayah->index()
10 SYSTEMPATH\CodeIgniter.php(497): CodeIgniter\CodeIgniter->runController(Object(App\Controllers\Wilayah))
11 SYSTEMPATH\CodeIgniter.php(340): CodeIgniter\CodeIgniter->handleRequest(null, Object(Config\Cache), false)
12 SYSTEMPATH\Boot.php(417): CodeIgniter\CodeIgniter->run()
13 SYSTEMPATH\Boot.php(68): CodeIgniter\Boot::runCodeIgniter(Object(CodeIgniter\CodeIgniter))
14 FCPATH\index.php(59): CodeIgniter\Boot::bootWeb(Object(Config\Paths))
CRITICAL - 2026-05-02 00:16:47 --> TypeError: Cannot access offset of type string on string
[Method: GET, Route: admin/wilayah]
in APPPATH\Views\v_index.php on line 30.
 1 SYSTEMPATH\View\View.php(240): include()
 2 SYSTEMPATH\View\View.php(243): CodeIgniter\View\View->CodeIgniter\View\{closure}()
 3 SYSTEMPATH\Common.php(1250): CodeIgniter\View\View->render('v_index', [], true)
 4 APPPATH\Views\v_template_back_end.php(214): view('v_index')
 5 SYSTEMPATH\View\View.php(240): include('C:\\laragon\\www\\gis-spbu-ci4\\app\\Views\\v_template_back_end.php')
 6 SYSTEMPATH\View\View.php(243): CodeIgniter\View\View->CodeIgniter\View\{closure}()
 7 SYSTEMPATH\Common.php(1250): CodeIgniter\View\View->render('v_template_back_end', [], true)
 8 APPPATH\Controllers\Wilayah.php(23): view('v_template_back_end', [...])
 9 SYSTEMPATH\CodeIgniter.php(951): App\Controllers\Wilayah->index()
10 SYSTEMPATH\CodeIgniter.php(497): CodeIgniter\CodeIgniter->runController(Object(App\Controllers\Wilayah))
11 SYSTEMPATH\CodeIgniter.php(340): CodeIgniter\CodeIgniter->handleRequest(null, Object(Config\Cache), false)
12 SYSTEMPATH\Boot.php(417): CodeIgniter\CodeIgniter->run()
13 SYSTEMPATH\Boot.php(68): CodeIgniter\Boot::runCodeIgniter(Object(CodeIgniter\CodeIgniter))
14 FCPATH\index.php(59): CodeIgniter\Boot::bootWeb(Object(Config\Paths))
CRITICAL - 2026-05-02 00:16:49 --> TypeError: Cannot access offset of type string on string
[Method: GET, Route: admin/wilayah]
in APPPATH\Views\v_index.php on line 30.
 1 SYSTEMPATH\View\View.php(240): include()
 2 SYSTEMPATH\View\View.php(243): CodeIgniter\View\View->CodeIgniter\View\{closure}()
 3 SYSTEMPATH\Common.php(1250): CodeIgniter\View\View->render('v_index', [], true)
 4 APPPATH\Views\v_template_back_end.php(214): view('v_index')
 5 SYSTEMPATH\View\View.php(240): include('C:\\laragon\\www\\gis-spbu-ci4\\app\\Views\\v_template_back_end.php')
 6 SYSTEMPATH\View\View.php(243): CodeIgniter\View\View->CodeIgniter\View\{closure}()
 7 SYSTEMPATH\Common.php(1250): CodeIgniter\View\View->render('v_template_back_end', [], true)
 8 APPPATH\Controllers\Wilayah.php(23): view('v_template_back_end', [...])
 9 SYSTEMPATH\CodeIgniter.php(951): App\Controllers\Wilayah->index()
10 SYSTEMPATH\CodeIgniter.php(497): CodeIgniter\CodeIgniter->runController(Object(App\Controllers\Wilayah))
11 SYSTEMPATH\CodeIgniter.php(340): CodeIgniter\CodeIgniter->handleRequest(null, Object(Config\Cache), false)
12 SYSTEMPATH\Boot.php(417): CodeIgniter\CodeIgniter->run()
13 SYSTEMPATH\Boot.php(68): CodeIgniter\Boot::runCodeIgniter(Object(CodeIgniter\CodeIgniter))
14 FCPATH\index.php(59): CodeIgniter\Boot::bootWeb(Object(Config\Paths))
CRITICAL - 2026-05-02 00:16:50 --> TypeError: Cannot access offset of type string on string
[Method: GET, Route: admin/wilayah]
in APPPATH\Views\v_index.php on line 30.
 1 SYSTEMPATH\View\View.php(240): include()
 2 SYSTEMPATH\View\View.php(243): CodeIgniter\View\View->CodeIgniter\View\{closure}()
 3 SYSTEMPATH\Common.php(1250): CodeIgniter\View\View->render('v_index', [], true)
 4 APPPATH\Views\v_template_back_end.php(214): view('v_index')
 5 SYSTEMPATH\View\View.php(240): include('C:\\laragon\\www\\gis-spbu-ci4\\app\\Views\\v_template_back_end.php')
 6 SYSTEMPATH\View\View.php(243): CodeIgniter\View\View->CodeIgniter\View\{closure}()
 7 SYSTEMPATH\Common.php(1250): CodeIgniter\View\View->render('v_template_back_end', [], true)
 8 APPPATH\Controllers\Wilayah.php(23): view('v_template_back_end', [...])
 9 SYSTEMPATH\CodeIgniter.php(951): App\Controllers\Wilayah->index()
10 SYSTEMPATH\CodeIgniter.php(497): CodeIgniter\CodeIgniter->runController(Object(App\Controllers\Wilayah))
11 SYSTEMPATH\CodeIgniter.php(340): CodeIgniter\CodeIgniter->handleRequest(null, Object(Config\Cache), false)
12 SYSTEMPATH\Boot.php(417): CodeIgniter\CodeIgniter->run()
13 SYSTEMPATH\Boot.php(68): CodeIgniter\Boot::runCodeIgniter(Object(CodeIgniter\CodeIgniter))
14 FCPATH\index.php(59): CodeIgniter\Boot::bootWeb(Object(Config\Paths))
CRITICAL - 2026-05-02 00:16:51 --> TypeError: Cannot access offset of type string on string
[Method: GET, Route: admin/wilayah]
in APPPATH\Views\v_index.php on line 30.
 1 SYSTEMPATH\View\View.php(240): include()
 2 SYSTEMPATH\View\View.php(243): CodeIgniter\View\View->CodeIgniter\View\{closure}()
 3 SYSTEMPATH\Common.php(1250): CodeIgniter\View\View->render('v_index', [], true)
 4 APPPATH\Views\v_template_back_end.php(214): view('v_index')
 5 SYSTEMPATH\View\View.php(240): include('C:\\laragon\\www\\gis-spbu-ci4\\app\\Views\\v_template_back_end.php')
 6 SYSTEMPATH\View\View.php(243): CodeIgniter\View\View->CodeIgniter\View\{closure}()
 7 SYSTEMPATH\Common.php(1250): CodeIgniter\View\View->render('v_template_back_end', [], true)
 8 APPPATH\Controllers\Wilayah.php(23): view('v_template_back_end', [...])
 9 SYSTEMPATH\CodeIgniter.php(951): App\Controllers\Wilayah->index()
10 SYSTEMPATH\CodeIgniter.php(497): CodeIgniter\CodeIgniter->runController(Object(App\Controllers\Wilayah))
11 SYSTEMPATH\CodeIgniter.php(340): CodeIgniter\CodeIgniter->handleRequest(null, Object(Config\Cache), false)
12 SYSTEMPATH\Boot.php(417): CodeIgniter\CodeIgniter->run()
13 SYSTEMPATH\Boot.php(68): CodeIgniter\Boot::runCodeIgniter(Object(CodeIgniter\CodeIgniter))
14 FCPATH\index.php(59): CodeIgniter\Boot::bootWeb(Object(Config\Paths))
CRITICAL - 2026-05-02 00:16:51 --> TypeError: Cannot access offset of type string on string
[Method: GET, Route: admin/wilayah]
in APPPATH\Views\v_index.php on line 30.
 1 SYSTEMPATH\View\View.php(240): include()
 2 SYSTEMPATH\View\View.php(243): CodeIgniter\View\View->CodeIgniter\View\{closure}()
 3 SYSTEMPATH\Common.php(1250): CodeIgniter\View\View->render('v_index', [], true)
 4 APPPATH\Views\v_template_back_end.php(214): view('v_index')
 5 SYSTEMPATH\View\View.php(240): include('C:\\laragon\\www\\gis-spbu-ci4\\app\\Views\\v_template_back_end.php')
 6 SYSTEMPATH\View\View.php(243): CodeIgniter\View\View->CodeIgniter\View\{closure}()
 7 SYSTEMPATH\Common.php(1250): CodeIgniter\View\View->render('v_template_back_end', [], true)
 8 APPPATH\Controllers\Wilayah.php(23): view('v_template_back_end', [...])
 9 SYSTEMPATH\CodeIgniter.php(951): App\Controllers\Wilayah->index()
10 SYSTEMPATH\CodeIgniter.php(497): CodeIgniter\CodeIgniter->runController(Object(App\Controllers\Wilayah))
11 SYSTEMPATH\CodeIgniter.php(340): CodeIgniter\CodeIgniter->handleRequest(null, Object(Config\Cache), false)
12 SYSTEMPATH\Boot.php(417): CodeIgniter\CodeIgniter->run()
13 SYSTEMPATH\Boot.php(68): CodeIgniter\Boot::runCodeIgniter(Object(CodeIgniter\CodeIgniter))
14 FCPATH\index.php(59): CodeIgniter\Boot::bootWeb(Object(Config\Paths))
CRITICAL - 2026-05-02 00:16:51 --> TypeError: Cannot access offset of type string on string
[Method: GET, Route: admin/wilayah]
in APPPATH\Views\v_index.php on line 30.
 1 SYSTEMPATH\View\View.php(240): include()
 2 SYSTEMPATH\View\View.php(243): CodeIgniter\View\View->CodeIgniter\View\{closure}()
 3 SYSTEMPATH\Common.php(1250): CodeIgniter\View\View->render('v_index', [], true)
 4 APPPATH\Views\v_template_back_end.php(214): view('v_index')
 5 SYSTEMPATH\View\View.php(240): include('C:\\laragon\\www\\gis-spbu-ci4\\app\\Views\\v_template_back_end.php')
 6 SYSTEMPATH\View\View.php(243): CodeIgniter\View\View->CodeIgniter\View\{closure}()
 7 SYSTEMPATH\Common.php(1250): CodeIgniter\View\View->render('v_template_back_end', [], true)
 8 APPPATH\Controllers\Wilayah.php(23): view('v_template_back_end', [...])
 9 SYSTEMPATH\CodeIgniter.php(951): App\Controllers\Wilayah->index()
10 SYSTEMPATH\CodeIgniter.php(497): CodeIgniter\CodeIgniter->runController(Object(App\Controllers\Wilayah))
11 SYSTEMPATH\CodeIgniter.php(340): CodeIgniter\CodeIgniter->handleRequest(null, Object(Config\Cache), false)
12 SYSTEMPATH\Boot.php(417): CodeIgniter\CodeIgniter->run()
13 SYSTEMPATH\Boot.php(68): CodeIgniter\Boot::runCodeIgniter(Object(CodeIgniter\CodeIgniter))
14 FCPATH\index.php(59): CodeIgniter\Boot::bootWeb(Object(Config\Paths))
CRITICAL - 2026-05-02 00:16:51 --> TypeError: Cannot access offset of type string on string
[Method: GET, Route: admin/wilayah]
in APPPATH\Views\v_index.php on line 30.
 1 SYSTEMPATH\View\View.php(240): include()
 2 SYSTEMPATH\View\View.php(243): CodeIgniter\View\View->CodeIgniter\View\{closure}()
 3 SYSTEMPATH\Common.php(1250): CodeIgniter\View\View->render('v_index', [], true)
 4 APPPATH\Views\v_template_back_end.php(214): view('v_index')
 5 SYSTEMPATH\View\View.php(240): include('C:\\laragon\\www\\gis-spbu-ci4\\app\\Views\\v_template_back_end.php')
 6 SYSTEMPATH\View\View.php(243): CodeIgniter\View\View->CodeIgniter\View\{closure}()
 7 SYSTEMPATH\Common.php(1250): CodeIgniter\View\View->render('v_template_back_end', [], true)
 8 APPPATH\Controllers\Wilayah.php(23): view('v_template_back_end', [...])
 9 SYSTEMPATH\CodeIgniter.php(951): App\Controllers\Wilayah->index()
10 SYSTEMPATH\CodeIgniter.php(497): CodeIgniter\CodeIgniter->runController(Object(App\Controllers\Wilayah))
11 SYSTEMPATH\CodeIgniter.php(340): CodeIgniter\CodeIgniter->handleRequest(null, Object(Config\Cache), false)
12 SYSTEMPATH\Boot.php(417): CodeIgniter\CodeIgniter->run()
13 SYSTEMPATH\Boot.php(68): CodeIgniter\Boot::runCodeIgniter(Object(CodeIgniter\CodeIgniter))
14 FCPATH\index.php(59): CodeIgniter\Boot::bootWeb(Object(Config\Paths))
CRITICAL - 2026-05-02 00:16:52 --> TypeError: Cannot access offset of type string on string
[Method: GET, Route: admin/wilayah]
in APPPATH\Views\v_index.php on line 30.
 1 SYSTEMPATH\View\View.php(240): include()
 2 SYSTEMPATH\View\View.php(243): CodeIgniter\View\View->CodeIgniter\View\{closure}()
 3 SYSTEMPATH\Common.php(1250): CodeIgniter\View\View->render('v_index', [], true)
 4 APPPATH\Views\v_template_back_end.php(214): view('v_index')
 5 SYSTEMPATH\View\View.php(240): include('C:\\laragon\\www\\gis-spbu-ci4\\app\\Views\\v_template_back_end.php')
 6 SYSTEMPATH\View\View.php(243): CodeIgniter\View\View->CodeIgniter\View\{closure}()
 7 SYSTEMPATH\Common.php(1250): CodeIgniter\View\View->render('v_template_back_end', [], true)
 8 APPPATH\Controllers\Wilayah.php(23): view('v_template_back_end', [...])
 9 SYSTEMPATH\CodeIgniter.php(951): App\Controllers\Wilayah->index()
10 SYSTEMPATH\CodeIgniter.php(497): CodeIgniter\CodeIgniter->runController(Object(App\Controllers\Wilayah))
11 SYSTEMPATH\CodeIgniter.php(340): CodeIgniter\CodeIgniter->handleRequest(null, Object(Config\Cache), false)
12 SYSTEMPATH\Boot.php(417): CodeIgniter\CodeIgniter->run()
13 SYSTEMPATH\Boot.php(68): CodeIgniter\Boot::runCodeIgniter(Object(CodeIgniter\CodeIgniter))
14 FCPATH\index.php(59): CodeIgniter\Boot::bootWeb(Object(Config\Paths))
CRITICAL - 2026-05-02 00:16:52 --> TypeError: Cannot access offset of type string on string
[Method: GET, Route: admin/wilayah]
in APPPATH\Views\v_index.php on line 30.
 1 SYSTEMPATH\View\View.php(240): include()
 2 SYSTEMPATH\View\View.php(243): CodeIgniter\View\View->CodeIgniter\View\{closure}()
 3 SYSTEMPATH\Common.php(1250): CodeIgniter\View\View->render('v_index', [], true)
 4 APPPATH\Views\v_template_back_end.php(214): view('v_index')
 5 SYSTEMPATH\View\View.php(240): include('C:\\laragon\\www\\gis-spbu-ci4\\app\\Views\\v_template_back_end.php')
 6 SYSTEMPATH\View\View.php(243): CodeIgniter\View\View->CodeIgniter\View\{closure}()
 7 SYSTEMPATH\Common.php(1250): CodeIgniter\View\View->render('v_template_back_end', [], true)
 8 APPPATH\Controllers\Wilayah.php(23): view('v_template_back_end', [...])
 9 SYSTEMPATH\CodeIgniter.php(951): App\Controllers\Wilayah->index()
10 SYSTEMPATH\CodeIgniter.php(497): CodeIgniter\CodeIgniter->runController(Object(App\Controllers\Wilayah))
11 SYSTEMPATH\CodeIgniter.php(340): CodeIgniter\CodeIgniter->handleRequest(null, Object(Config\Cache), false)
12 SYSTEMPATH\Boot.php(417): CodeIgniter\CodeIgniter->run()
13 SYSTEMPATH\Boot.php(68): CodeIgniter\Boot::runCodeIgniter(Object(CodeIgniter\CodeIgniter))
14 FCPATH\index.php(59): CodeIgniter\Boot::bootWeb(Object(Config\Paths))
CRITICAL - 2026-05-02 00:16:52 --> TypeError: Cannot access offset of type string on string
[Method: GET, Route: admin/wilayah]
in APPPATH\Views\v_index.php on line 30.
 1 SYSTEMPATH\View\View.php(240): include()
 2 SYSTEMPATH\View\View.php(243): CodeIgniter\View\View->CodeIgniter\View\{closure}()
 3 SYSTEMPATH\Common.php(1250): CodeIgniter\View\View->render('v_index', [], true)
 4 APPPATH\Views\v_template_back_end.php(214): view('v_index')
 5 SYSTEMPATH\View\View.php(240): include('C:\\laragon\\www\\gis-spbu-ci4\\app\\Views\\v_template_back_end.php')
 6 SYSTEMPATH\View\View.php(243): CodeIgniter\View\View->CodeIgniter\View\{closure}()
 7 SYSTEMPATH\Common.php(1250): CodeIgniter\View\View->render('v_template_back_end', [], true)
 8 APPPATH\Controllers\Wilayah.php(23): view('v_template_back_end', [...])
 9 SYSTEMPATH\CodeIgniter.php(951): App\Controllers\Wilayah->index()
10 SYSTEMPATH\CodeIgniter.php(497): CodeIgniter\CodeIgniter->runController(Object(App\Controllers\Wilayah))
11 SYSTEMPATH\CodeIgniter.php(340): CodeIgniter\CodeIgniter->handleRequest(null, Object(Config\Cache), false)
12 SYSTEMPATH\Boot.php(417): CodeIgniter\CodeIgniter->run()
13 SYSTEMPATH\Boot.php(68): CodeIgniter\Boot::runCodeIgniter(Object(CodeIgniter\CodeIgniter))
14 FCPATH\index.php(59): CodeIgniter\Boot::bootWeb(Object(Config\Paths))
CRITICAL - 2026-05-02 00:16:52 --> TypeError: Cannot access offset of type string on string
[Method: GET, Route: admin/wilayah]
in APPPATH\Views\v_index.php on line 30.
 1 SYSTEMPATH\View\View.php(240): include()
 2 SYSTEMPATH\View\View.php(243): CodeIgniter\View\View->CodeIgniter\View\{closure}()
 3 SYSTEMPATH\Common.php(1250): CodeIgniter\View\View->render('v_index', [], true)
 4 APPPATH\Views\v_template_back_end.php(214): view('v_index')
 5 SYSTEMPATH\View\View.php(240): include('C:\\laragon\\www\\gis-spbu-ci4\\app\\Views\\v_template_back_end.php')
 6 SYSTEMPATH\View\View.php(243): CodeIgniter\View\View->CodeIgniter\View\{closure}()
 7 SYSTEMPATH\Common.php(1250): CodeIgniter\View\View->render('v_template_back_end', [], true)
 8 APPPATH\Controllers\Wilayah.php(23): view('v_template_back_end', [...])
 9 SYSTEMPATH\CodeIgniter.php(951): App\Controllers\Wilayah->index()
10 SYSTEMPATH\CodeIgniter.php(497): CodeIgniter\CodeIgniter->runController(Object(App\Controllers\Wilayah))
11 SYSTEMPATH\CodeIgniter.php(340): CodeIgniter\CodeIgniter->handleRequest(null, Object(Config\Cache), false)
12 SYSTEMPATH\Boot.php(417): CodeIgniter\CodeIgniter->run()
13 SYSTEMPATH\Boot.php(68): CodeIgniter\Boot::runCodeIgniter(Object(CodeIgniter\CodeIgniter))
14 FCPATH\index.php(59): CodeIgniter\Boot::bootWeb(Object(Config\Paths))
CRITICAL - 2026-05-02 00:16:52 --> TypeError: Cannot access offset of type string on string
[Method: GET, Route: admin/wilayah]
in APPPATH\Views\v_index.php on line 30.
 1 SYSTEMPATH\View\View.php(240): include()
 2 SYSTEMPATH\View\View.php(243): CodeIgniter\View\View->CodeIgniter\View\{closure}()
 3 SYSTEMPATH\Common.php(1250): CodeIgniter\View\View->render('v_index', [], true)
 4 APPPATH\Views\v_template_back_end.php(214): view('v_index')
 5 SYSTEMPATH\View\View.php(240): include('C:\\laragon\\www\\gis-spbu-ci4\\app\\Views\\v_template_back_end.php')
 6 SYSTEMPATH\View\View.php(243): CodeIgniter\View\View->CodeIgniter\View\{closure}()
 7 SYSTEMPATH\Common.php(1250): CodeIgniter\View\View->render('v_template_back_end', [], true)
 8 APPPATH\Controllers\Wilayah.php(23): view('v_template_back_end', [...])
 9 SYSTEMPATH\CodeIgniter.php(951): App\Controllers\Wilayah->index()
10 SYSTEMPATH\CodeIgniter.php(497): CodeIgniter\CodeIgniter->runController(Object(App\Controllers\Wilayah))
11 SYSTEMPATH\CodeIgniter.php(340): CodeIgniter\CodeIgniter->handleRequest(null, Object(Config\Cache), false)
12 SYSTEMPATH\Boot.php(417): CodeIgniter\CodeIgniter->run()
13 SYSTEMPATH\Boot.php(68): CodeIgniter\Boot::runCodeIgniter(Object(CodeIgniter\CodeIgniter))
14 FCPATH\index.php(59): CodeIgniter\Boot::bootWeb(Object(Config\Paths))
CRITICAL - 2026-05-02 00:16:53 --> TypeError: Cannot access offset of type string on string
[Method: GET, Route: admin/wilayah]
in APPPATH\Views\v_index.php on line 30.
 1 SYSTEMPATH\View\View.php(240): include()
 2 SYSTEMPATH\View\View.php(243): CodeIgniter\View\View->CodeIgniter\View\{closure}()
 3 SYSTEMPATH\Common.php(1250): CodeIgniter\View\View->render('v_index', [], true)
 4 APPPATH\Views\v_template_back_end.php(214): view('v_index')
 5 SYSTEMPATH\View\View.php(240): include('C:\\laragon\\www\\gis-spbu-ci4\\app\\Views\\v_template_back_end.php')
 6 SYSTEMPATH\View\View.php(243): CodeIgniter\View\View->CodeIgniter\View\{closure}()
 7 SYSTEMPATH\Common.php(1250): CodeIgniter\View\View->render('v_template_back_end', [], true)
 8 APPPATH\Controllers\Wilayah.php(23): view('v_template_back_end', [...])
 9 SYSTEMPATH\CodeIgniter.php(951): App\Controllers\Wilayah->index()
10 SYSTEMPATH\CodeIgniter.php(497): CodeIgniter\CodeIgniter->runController(Object(App\Controllers\Wilayah))
11 SYSTEMPATH\CodeIgniter.php(340): CodeIgniter\CodeIgniter->handleRequest(null, Object(Config\Cache), false)
12 SYSTEMPATH\Boot.php(417): CodeIgniter\CodeIgniter->run()
13 SYSTEMPATH\Boot.php(68): CodeIgniter\Boot::runCodeIgniter(Object(CodeIgniter\CodeIgniter))
14 FCPATH\index.php(59): CodeIgniter\Boot::bootWeb(Object(Config\Paths))
CRITICAL - 2026-05-02 00:44:48 --> CodeIgniter\Database\Exceptions\DatabaseException: You must set the database table to be used with your query.
[Method: GET, Route: admin/wilayah]
in SYSTEMPATH\Database\BaseConnection.php on line 1125.
 1 SYSTEMPATH\Model.php(601): CodeIgniter\Database\BaseConnection->table(null)
 2 SYSTEMPATH\Model.php(751): CodeIgniter\Model->builder()
 3 APPPATH\Controllers\Wilayah.php(25): CodeIgniter\Model->__call('getSetting', [])
 4 SYSTEMPATH\CodeIgniter.php(951): App\Controllers\Wilayah->index()
 5 SYSTEMPATH\CodeIgniter.php(497): CodeIgniter\CodeIgniter->runController(Object(App\Controllers\Wilayah))
 6 SYSTEMPATH\CodeIgniter.php(340): CodeIgniter\CodeIgniter->handleRequest(null, Object(Config\Cache), false)
 7 SYSTEMPATH\Boot.php(417): CodeIgniter\CodeIgniter->run()
 8 SYSTEMPATH\Boot.php(68): CodeIgniter\Boot::runCodeIgniter(Object(CodeIgniter\CodeIgniter))
 9 FCPATH\index.php(59): CodeIgniter\Boot::bootWeb(Object(Config\Paths))
CRITICAL - 2026-05-02 00:44:50 --> CodeIgniter\Database\Exceptions\DatabaseException: You must set the database table to be used with your query.
[Method: GET, Route: admin/wilayah]
in SYSTEMPATH\Database\BaseConnection.php on line 1125.
 1 SYSTEMPATH\Model.php(601): CodeIgniter\Database\BaseConnection->table(null)
 2 SYSTEMPATH\Model.php(751): CodeIgniter\Model->builder()
 3 APPPATH\Controllers\Wilayah.php(25): CodeIgniter\Model->__call('getSetting', [])
 4 SYSTEMPATH\CodeIgniter.php(951): App\Controllers\Wilayah->index()
 5 SYSTEMPATH\CodeIgniter.php(497): CodeIgniter\CodeIgniter->runController(Object(App\Controllers\Wilayah))
 6 SYSTEMPATH\CodeIgniter.php(340): CodeIgniter\CodeIgniter->handleRequest(null, Object(Config\Cache), false)
 7 SYSTEMPATH\Boot.php(417): CodeIgniter\CodeIgniter->run()
 8 SYSTEMPATH\Boot.php(68): CodeIgniter\Boot::runCodeIgniter(Object(CodeIgniter\CodeIgniter))
 9 FCPATH\index.php(59): CodeIgniter\Boot::bootWeb(Object(Config\Paths))
CRITICAL - 2026-05-02 00:48:52 --> ParseError: Unclosed '{' on line 90
[Method: GET, Route: admin/wilayah]
in APPPATH\Views\v_index.php on line 116.
 1 SYSTEMPATH\View\View.php(243): CodeIgniter\View\View->CodeIgniter\View\{closure}()
 2 SYSTEMPATH\Common.php(1250): CodeIgniter\View\View->render('v_index', [], true)
 3 APPPATH\Views\v_template_back_end.php(214): view('v_index')
 4 SYSTEMPATH\View\View.php(240): include('C:\\laragon\\www\\gis-spbu-ci4\\app\\Views\\v_template_back_end.php')
 5 SYSTEMPATH\View\View.php(243): CodeIgniter\View\View->CodeIgniter\View\{closure}()
 6 SYSTEMPATH\Common.php(1250): CodeIgniter\View\View->render('v_template_back_end', [], true)
 7 APPPATH\Controllers\Wilayah.php(28): view('v_template_back_end', [...])
 8 SYSTEMPATH\CodeIgniter.php(951): App\Controllers\Wilayah->index()
 9 SYSTEMPATH\CodeIgniter.php(497): CodeIgniter\CodeIgniter->runController(Object(App\Controllers\Wilayah))
10 SYSTEMPATH\CodeIgniter.php(340): CodeIgniter\CodeIgniter->handleRequest(null, Object(Config\Cache), false)
11 SYSTEMPATH\Boot.php(417): CodeIgniter\CodeIgniter->run()
12 SYSTEMPATH\Boot.php(68): CodeIgniter\Boot::runCodeIgniter(Object(CodeIgniter\CodeIgniter))
13 FCPATH\index.php(59): CodeIgniter\Boot::bootWeb(Object(Config\Paths))
CRITICAL - 2026-05-02 00:48:54 --> ParseError: Unclosed '{' on line 90
[Method: GET, Route: admin/wilayah]
in APPPATH\Views\v_index.php on line 116.
 1 SYSTEMPATH\View\View.php(243): CodeIgniter\View\View->CodeIgniter\View\{closure}()
 2 SYSTEMPATH\Common.php(1250): CodeIgniter\View\View->render('v_index', [], true)
 3 APPPATH\Views\v_template_back_end.php(214): view('v_index')
 4 SYSTEMPATH\View\View.php(240): include('C:\\laragon\\www\\gis-spbu-ci4\\app\\Views\\v_template_back_end.php')
 5 SYSTEMPATH\View\View.php(243): CodeIgniter\View\View->CodeIgniter\View\{closure}()
 6 SYSTEMPATH\Common.php(1250): CodeIgniter\View\View->render('v_template_back_end', [], true)
 7 APPPATH\Controllers\Wilayah.php(28): view('v_template_back_end', [...])
 8 SYSTEMPATH\CodeIgniter.php(951): App\Controllers\Wilayah->index()
 9 SYSTEMPATH\CodeIgniter.php(497): CodeIgniter\CodeIgniter->runController(Object(App\Controllers\Wilayah))
10 SYSTEMPATH\CodeIgniter.php(340): CodeIgniter\CodeIgniter->handleRequest(null, Object(Config\Cache), false)
11 SYSTEMPATH\Boot.php(417): CodeIgniter\CodeIgniter->run()
12 SYSTEMPATH\Boot.php(68): CodeIgniter\Boot::runCodeIgniter(Object(CodeIgniter\CodeIgniter))
13 FCPATH\index.php(59): CodeIgniter\Boot::bootWeb(Object(Config\Paths))
CRITICAL - 2026-05-02 02:58:07 --> CodeIgniter\Database\Exceptions\DatabaseException: You must set the database table to be used with your query.
[Method: POST, Route: wilayah/simpan]
in SYSTEMPATH\Database\BaseConnection.php on line 1125.
 1 SYSTEMPATH\Model.php(601): CodeIgniter\Database\BaseConnection->table(null)
 2 SYSTEMPATH\Model.php(751): CodeIgniter\Model->builder()
 3 APPPATH\Controllers\Wilayah.php(48): CodeIgniter\Model->__call('Add', [...])
 4 SYSTEMPATH\CodeIgniter.php(951): App\Controllers\Wilayah->simpan()
 5 SYSTEMPATH\CodeIgniter.php(497): CodeIgniter\CodeIgniter->runController(Object(App\Controllers\Wilayah))
 6 SYSTEMPATH\CodeIgniter.php(340): CodeIgniter\CodeIgniter->handleRequest(null, Object(Config\Cache), false)
 7 SYSTEMPATH\Boot.php(417): CodeIgniter\CodeIgniter->run()
 8 SYSTEMPATH\Boot.php(68): CodeIgniter\Boot::runCodeIgniter(Object(CodeIgniter\CodeIgniter))
 9 FCPATH\index.php(59): CodeIgniter\Boot::bootWeb(Object(Config\Paths))
CRITICAL - 2026-05-02 03:01:14 --> CodeIgniter\Database\Exceptions\DataException: Allowed fields must be specified for model: "App\Models\ModelWilayah"
[Method: POST, Route: wilayah/simpan]
in SYSTEMPATH\Model.php on line 678.
 1 SYSTEMPATH\Model.php(678): CodeIgniter\Database\Exceptions\DataException::forInvalidAllowedFields('App\\Models\\ModelWilayah')
 2 SYSTEMPATH\BaseModel.php(880): CodeIgniter\Model->doProtectFieldsForInsert([...])
 3 SYSTEMPATH\Model.php(668): CodeIgniter\BaseModel->insert([...], true)
 4 APPPATH\Controllers\Wilayah.php(47): CodeIgniter\Model->insert([...])
 5 SYSTEMPATH\CodeIgniter.php(951): App\Controllers\Wilayah->simpan()
 6 SYSTEMPATH\CodeIgniter.php(497): CodeIgniter\CodeIgniter->runController(Object(App\Controllers\Wilayah))
 7 SYSTEMPATH\CodeIgniter.php(340): CodeIgniter\CodeIgniter->handleRequest(null, Object(Config\Cache), false)
 8 SYSTEMPATH\Boot.php(417): CodeIgniter\CodeIgniter->run()
 9 SYSTEMPATH\Boot.php(68): CodeIgniter\Boot::runCodeIgniter(Object(CodeIgniter\CodeIgniter))
10 FCPATH\index.php(59): CodeIgniter\Boot::bootWeb(Object(Config\Paths))
CRITICAL - 2026-05-02 03:01:18 --> CodeIgniter\Database\Exceptions\DataException: Allowed fields must be specified for model: "App\Models\ModelWilayah"
[Method: POST, Route: wilayah/simpan]
in SYSTEMPATH\Model.php on line 678.
 1 SYSTEMPATH\Model.php(678): CodeIgniter\Database\Exceptions\DataException::forInvalidAllowedFields('App\\Models\\ModelWilayah')
 2 SYSTEMPATH\BaseModel.php(880): CodeIgniter\Model->doProtectFieldsForInsert([...])
 3 SYSTEMPATH\Model.php(668): CodeIgniter\BaseModel->insert([...], true)
 4 APPPATH\Controllers\Wilayah.php(47): CodeIgniter\Model->insert([...])
 5 SYSTEMPATH\CodeIgniter.php(951): App\Controllers\Wilayah->simpan()
 6 SYSTEMPATH\CodeIgniter.php(497): CodeIgniter\CodeIgniter->runController(Object(App\Controllers\Wilayah))
 7 SYSTEMPATH\CodeIgniter.php(340): CodeIgniter\CodeIgniter->handleRequest(null, Object(Config\Cache), false)
 8 SYSTEMPATH\Boot.php(417): CodeIgniter\CodeIgniter->run()
 9 SYSTEMPATH\Boot.php(68): CodeIgniter\Boot::runCodeIgniter(Object(CodeIgniter\CodeIgniter))
10 FCPATH\index.php(59): CodeIgniter\Boot::bootWeb(Object(Config\Paths))
CRITICAL - 2026-05-02 03:01:45 --> CodeIgniter\Database\Exceptions\DatabaseException: You must set the database table to be used with your query.
[Method: POST, Route: wilayah/simpan]
in SYSTEMPATH\Database\BaseConnection.php on line 1125.
 1 SYSTEMPATH\Model.php(601): CodeIgniter\Database\BaseConnection->table(null)
 2 SYSTEMPATH\Model.php(751): CodeIgniter\Model->builder()
 3 APPPATH\Controllers\Wilayah.php(48): CodeIgniter\Model->__call('Add', [...])
 4 SYSTEMPATH\CodeIgniter.php(951): App\Controllers\Wilayah->simpan()
 5 SYSTEMPATH\CodeIgniter.php(497): CodeIgniter\CodeIgniter->runController(Object(App\Controllers\Wilayah))
 6 SYSTEMPATH\CodeIgniter.php(340): CodeIgniter\CodeIgniter->handleRequest(null, Object(Config\Cache), false)
 7 SYSTEMPATH\Boot.php(417): CodeIgniter\CodeIgniter->run()
 8 SYSTEMPATH\Boot.php(68): CodeIgniter\Boot::runCodeIgniter(Object(CodeIgniter\CodeIgniter))
 9 FCPATH\index.php(59): CodeIgniter\Boot::bootWeb(Object(Config\Paths))
CRITICAL - 2026-05-02 03:04:18 --> CodeIgniter\Database\Exceptions\DatabaseException: You must set the database table to be used with your query.
[Method: POST, Route: wilayah/simpan]
in SYSTEMPATH\Database\BaseConnection.php on line 1125.
 1 SYSTEMPATH\Model.php(601): CodeIgniter\Database\BaseConnection->table(null)
 2 SYSTEMPATH\Model.php(751): CodeIgniter\Model->builder()
 3 APPPATH\Controllers\Wilayah.php(48): CodeIgniter\Model->__call('Add', [...])
 4 SYSTEMPATH\CodeIgniter.php(951): App\Controllers\Wilayah->simpan()
 5 SYSTEMPATH\CodeIgniter.php(497): CodeIgniter\CodeIgniter->runController(Object(App\Controllers\Wilayah))
 6 SYSTEMPATH\CodeIgniter.php(340): CodeIgniter\CodeIgniter->handleRequest(null, Object(Config\Cache), false)
 7 SYSTEMPATH\Boot.php(417): CodeIgniter\CodeIgniter->run()
 8 SYSTEMPATH\Boot.php(68): CodeIgniter\Boot::runCodeIgniter(Object(CodeIgniter\CodeIgniter))
 9 FCPATH\index.php(59): CodeIgniter\Boot::bootWeb(Object(Config\Paths))
CRITICAL - 2026-05-02 03:43:38 --> Error: Call to a member function getError() on null
[Method: GET, Route: wilayah/input]
in APPPATH\Views\v_input.php on line 20.
 1 SYSTEMPATH\View\View.php(240): include()
 2 SYSTEMPATH\View\View.php(243): CodeIgniter\View\View->CodeIgniter\View\{closure}()
 3 SYSTEMPATH\Common.php(1250): CodeIgniter\View\View->render('v_input', [], true)
 4 APPPATH\Views\v_template_back_end.php(217): view('v_input')
 5 SYSTEMPATH\View\View.php(240): include('C:\\laragon\\www\\gis-spbu-ci4\\app\\Views\\v_template_back_end.php')
 6 SYSTEMPATH\View\View.php(243): CodeIgniter\View\View->CodeIgniter\View\{closure}()
 7 SYSTEMPATH\Common.php(1250): CodeIgniter\View\View->render('v_template_back_end', [], true)
 8 APPPATH\Controllers\Wilayah.php(37): view('v_template_back_end', [...])
 9 SYSTEMPATH\CodeIgniter.php(951): App\Controllers\Wilayah->Add()
10 SYSTEMPATH\CodeIgniter.php(497): CodeIgniter\CodeIgniter->runController(Object(App\Controllers\Wilayah))
11 SYSTEMPATH\CodeIgniter.php(340): CodeIgniter\CodeIgniter->handleRequest(null, Object(Config\Cache), false)
12 SYSTEMPATH\Boot.php(417): CodeIgniter\CodeIgniter->run()
13 SYSTEMPATH\Boot.php(68): CodeIgniter\Boot::runCodeIgniter(Object(CodeIgniter\CodeIgniter))
14 FCPATH\index.php(59): CodeIgniter\Boot::bootWeb(Object(Config\Paths))
CRITICAL - 2026-05-02 03:43:40 --> Error: Call to a member function getError() on null
[Method: GET, Route: wilayah/input]
in APPPATH\Views\v_input.php on line 20.
 1 SYSTEMPATH\View\View.php(240): include()
 2 SYSTEMPATH\View\View.php(243): CodeIgniter\View\View->CodeIgniter\View\{closure}()
 3 SYSTEMPATH\Common.php(1250): CodeIgniter\View\View->render('v_input', [], true)
 4 APPPATH\Views\v_template_back_end.php(217): view('v_input')
 5 SYSTEMPATH\View\View.php(240): include('C:\\laragon\\www\\gis-spbu-ci4\\app\\Views\\v_template_back_end.php')
 6 SYSTEMPATH\View\View.php(243): CodeIgniter\View\View->CodeIgniter\View\{closure}()
 7 SYSTEMPATH\Common.php(1250): CodeIgniter\View\View->render('v_template_back_end', [], true)
 8 APPPATH\Controllers\Wilayah.php(37): view('v_template_back_end', [...])
 9 SYSTEMPATH\CodeIgniter.php(951): App\Controllers\Wilayah->Add()
10 SYSTEMPATH\CodeIgniter.php(497): CodeIgniter\CodeIgniter->runController(Object(App\Controllers\Wilayah))
11 SYSTEMPATH\CodeIgniter.php(340): CodeIgniter\CodeIgniter->handleRequest(null, Object(Config\Cache), false)
12 SYSTEMPATH\Boot.php(417): CodeIgniter\CodeIgniter->run()
13 SYSTEMPATH\Boot.php(68): CodeIgniter\Boot::runCodeIgniter(Object(CodeIgniter\CodeIgniter))
14 FCPATH\index.php(59): CodeIgniter\Boot::bootWeb(Object(Config\Paths))
CRITICAL - 2026-05-02 03:43:46 --> Error: Call to a member function getError() on null
[Method: GET, Route: wilayah/input]
in APPPATH\Views\v_input.php on line 20.
 1 SYSTEMPATH\View\View.php(240): include()
 2 SYSTEMPATH\View\View.php(243): CodeIgniter\View\View->CodeIgniter\View\{closure}()
 3 SYSTEMPATH\Common.php(1250): CodeIgniter\View\View->render('v_input', [], true)
 4 APPPATH\Views\v_template_back_end.php(217): view('v_input')
 5 SYSTEMPATH\View\View.php(240): include('C:\\laragon\\www\\gis-spbu-ci4\\app\\Views\\v_template_back_end.php')
 6 SYSTEMPATH\View\View.php(243): CodeIgniter\View\View->CodeIgniter\View\{closure}()
 7 SYSTEMPATH\Common.php(1250): CodeIgniter\View\View->render('v_template_back_end', [], true)
 8 APPPATH\Controllers\Wilayah.php(37): view('v_template_back_end', [...])
 9 SYSTEMPATH\CodeIgniter.php(951): App\Controllers\Wilayah->Add()
10 SYSTEMPATH\CodeIgniter.php(497): CodeIgniter\CodeIgniter->runController(Object(App\Controllers\Wilayah))
11 SYSTEMPATH\CodeIgniter.php(340): CodeIgniter\CodeIgniter->handleRequest(null, Object(Config\Cache), false)
12 SYSTEMPATH\Boot.php(417): CodeIgniter\CodeIgniter->run()
13 SYSTEMPATH\Boot.php(68): CodeIgniter\Boot::runCodeIgniter(Object(CodeIgniter\CodeIgniter))
14 FCPATH\index.php(59): CodeIgniter\Boot::bootWeb(Object(Config\Paths))
CRITICAL - 2026-05-02 03:43:47 --> Error: Call to a member function getError() on null
[Method: GET, Route: wilayah/input]
in APPPATH\Views\v_input.php on line 20.
 1 SYSTEMPATH\View\View.php(240): include()
 2 SYSTEMPATH\View\View.php(243): CodeIgniter\View\View->CodeIgniter\View\{closure}()
 3 SYSTEMPATH\Common.php(1250): CodeIgniter\View\View->render('v_input', [], true)
 4 APPPATH\Views\v_template_back_end.php(217): view('v_input')
 5 SYSTEMPATH\View\View.php(240): include('C:\\laragon\\www\\gis-spbu-ci4\\app\\Views\\v_template_back_end.php')
 6 SYSTEMPATH\View\View.php(243): CodeIgniter\View\View->CodeIgniter\View\{closure}()
 7 SYSTEMPATH\Common.php(1250): CodeIgniter\View\View->render('v_template_back_end', [], true)
 8 APPPATH\Controllers\Wilayah.php(37): view('v_template_back_end', [...])
 9 SYSTEMPATH\CodeIgniter.php(951): App\Controllers\Wilayah->Add()
10 SYSTEMPATH\CodeIgniter.php(497): CodeIgniter\CodeIgniter->runController(Object(App\Controllers\Wilayah))
11 SYSTEMPATH\CodeIgniter.php(340): CodeIgniter\CodeIgniter->handleRequest(null, Object(Config\Cache), false)
12 SYSTEMPATH\Boot.php(417): CodeIgniter\CodeIgniter->run()
13 SYSTEMPATH\Boot.php(68): CodeIgniter\Boot::runCodeIgniter(Object(CodeIgniter\CodeIgniter))
14 FCPATH\index.php(59): CodeIgniter\Boot::bootWeb(Object(Config\Paths))
CRITICAL - 2026-05-02 03:43:48 --> Error: Call to a member function getError() on null
[Method: GET, Route: wilayah/input]
in APPPATH\Views\v_input.php on line 20.
 1 SYSTEMPATH\View\View.php(240): include()
 2 SYSTEMPATH\View\View.php(243): CodeIgniter\View\View->CodeIgniter\View\{closure}()
 3 SYSTEMPATH\Common.php(1250): CodeIgniter\View\View->render('v_input', [], true)
 4 APPPATH\Views\v_template_back_end.php(217): view('v_input')
 5 SYSTEMPATH\View\View.php(240): include('C:\\laragon\\www\\gis-spbu-ci4\\app\\Views\\v_template_back_end.php')
 6 SYSTEMPATH\View\View.php(243): CodeIgniter\View\View->CodeIgniter\View\{closure}()
 7 SYSTEMPATH\Common.php(1250): CodeIgniter\View\View->render('v_template_back_end', [], true)
 8 APPPATH\Controllers\Wilayah.php(37): view('v_template_back_end', [...])
 9 SYSTEMPATH\CodeIgniter.php(951): App\Controllers\Wilayah->Add()
10 SYSTEMPATH\CodeIgniter.php(497): CodeIgniter\CodeIgniter->runController(Object(App\Controllers\Wilayah))
11 SYSTEMPATH\CodeIgniter.php(340): CodeIgniter\CodeIgniter->handleRequest(null, Object(Config\Cache), false)
12 SYSTEMPATH\Boot.php(417): CodeIgniter\CodeIgniter->run()
13 SYSTEMPATH\Boot.php(68): CodeIgniter\Boot::runCodeIgniter(Object(CodeIgniter\CodeIgniter))
14 FCPATH\index.php(59): CodeIgniter\Boot::bootWeb(Object(Config\Paths))
CRITICAL - 2026-05-02 03:43:48 --> Error: Call to a member function getError() on null
[Method: GET, Route: wilayah/input]
in APPPATH\Views\v_input.php on line 20.
 1 SYSTEMPATH\View\View.php(240): include()
 2 SYSTEMPATH\View\View.php(243): CodeIgniter\View\View->CodeIgniter\View\{closure}()
 3 SYSTEMPATH\Common.php(1250): CodeIgniter\View\View->render('v_input', [], true)
 4 APPPATH\Views\v_template_back_end.php(217): view('v_input')
 5 SYSTEMPATH\View\View.php(240): include('C:\\laragon\\www\\gis-spbu-ci4\\app\\Views\\v_template_back_end.php')
 6 SYSTEMPATH\View\View.php(243): CodeIgniter\View\View->CodeIgniter\View\{closure}()
 7 SYSTEMPATH\Common.php(1250): CodeIgniter\View\View->render('v_template_back_end', [], true)
 8 APPPATH\Controllers\Wilayah.php(37): view('v_template_back_end', [...])
 9 SYSTEMPATH\CodeIgniter.php(951): App\Controllers\Wilayah->Add()
10 SYSTEMPATH\CodeIgniter.php(497): CodeIgniter\CodeIgniter->runController(Object(App\Controllers\Wilayah))
11 SYSTEMPATH\CodeIgniter.php(340): CodeIgniter\CodeIgniter->handleRequest(null, Object(Config\Cache), false)
12 SYSTEMPATH\Boot.php(417): CodeIgniter\CodeIgniter->run()
13 SYSTEMPATH\Boot.php(68): CodeIgniter\Boot::runCodeIgniter(Object(CodeIgniter\CodeIgniter))
14 FCPATH\index.php(59): CodeIgniter\Boot::bootWeb(Object(Config\Paths))
CRITICAL - 2026-05-02 03:43:49 --> Error: Call to a member function getError() on null
[Method: GET, Route: wilayah/input]
in APPPATH\Views\v_input.php on line 20.
 1 SYSTEMPATH\View\View.php(240): include()
 2 SYSTEMPATH\View\View.php(243): CodeIgniter\View\View->CodeIgniter\View\{closure}()
 3 SYSTEMPATH\Common.php(1250): CodeIgniter\View\View->render('v_input', [], true)
 4 APPPATH\Views\v_template_back_end.php(217): view('v_input')
 5 SYSTEMPATH\View\View.php(240): include('C:\\laragon\\www\\gis-spbu-ci4\\app\\Views\\v_template_back_end.php')
 6 SYSTEMPATH\View\View.php(243): CodeIgniter\View\View->CodeIgniter\View\{closure}()
 7 SYSTEMPATH\Common.php(1250): CodeIgniter\View\View->render('v_template_back_end', [], true)
 8 APPPATH\Controllers\Wilayah.php(37): view('v_template_back_end', [...])
 9 SYSTEMPATH\CodeIgniter.php(951): App\Controllers\Wilayah->Add()
10 SYSTEMPATH\CodeIgniter.php(497): CodeIgniter\CodeIgniter->runController(Object(App\Controllers\Wilayah))
11 SYSTEMPATH\CodeIgniter.php(340): CodeIgniter\CodeIgniter->handleRequest(null, Object(Config\Cache), false)
12 SYSTEMPATH\Boot.php(417): CodeIgniter\CodeIgniter->run()
13 SYSTEMPATH\Boot.php(68): CodeIgniter\Boot::runCodeIgniter(Object(CodeIgniter\CodeIgniter))
14 FCPATH\index.php(59): CodeIgniter\Boot::bootWeb(Object(Config\Paths))
CRITICAL - 2026-05-02 03:43:49 --> Error: Call to a member function getError() on null
[Method: GET, Route: wilayah/input]
in APPPATH\Views\v_input.php on line 20.
 1 SYSTEMPATH\View\View.php(240): include()
 2 SYSTEMPATH\View\View.php(243): CodeIgniter\View\View->CodeIgniter\View\{closure}()
 3 SYSTEMPATH\Common.php(1250): CodeIgniter\View\View->render('v_input', [], true)
 4 APPPATH\Views\v_template_back_end.php(217): view('v_input')
 5 SYSTEMPATH\View\View.php(240): include('C:\\laragon\\www\\gis-spbu-ci4\\app\\Views\\v_template_back_end.php')
 6 SYSTEMPATH\View\View.php(243): CodeIgniter\View\View->CodeIgniter\View\{closure}()
 7 SYSTEMPATH\Common.php(1250): CodeIgniter\View\View->render('v_template_back_end', [], true)
 8 APPPATH\Controllers\Wilayah.php(37): view('v_template_back_end', [...])
 9 SYSTEMPATH\CodeIgniter.php(951): App\Controllers\Wilayah->Add()
10 SYSTEMPATH\CodeIgniter.php(497): CodeIgniter\CodeIgniter->runController(Object(App\Controllers\Wilayah))
11 SYSTEMPATH\CodeIgniter.php(340): CodeIgniter\CodeIgniter->handleRequest(null, Object(Config\Cache), false)
12 SYSTEMPATH\Boot.php(417): CodeIgniter\CodeIgniter->run()
13 SYSTEMPATH\Boot.php(68): CodeIgniter\Boot::runCodeIgniter(Object(CodeIgniter\CodeIgniter))
14 FCPATH\index.php(59): CodeIgniter\Boot::bootWeb(Object(Config\Paths))
CRITICAL - 2026-05-02 03:43:50 --> Error: Call to a member function getError() on null
[Method: GET, Route: wilayah/input]
in APPPATH\Views\v_input.php on line 20.
 1 SYSTEMPATH\View\View.php(240): include()
 2 SYSTEMPATH\View\View.php(243): CodeIgniter\View\View->CodeIgniter\View\{closure}()
 3 SYSTEMPATH\Common.php(1250): CodeIgniter\View\View->render('v_input', [], true)
 4 APPPATH\Views\v_template_back_end.php(217): view('v_input')
 5 SYSTEMPATH\View\View.php(240): include('C:\\laragon\\www\\gis-spbu-ci4\\app\\Views\\v_template_back_end.php')
 6 SYSTEMPATH\View\View.php(243): CodeIgniter\View\View->CodeIgniter\View\{closure}()
 7 SYSTEMPATH\Common.php(1250): CodeIgniter\View\View->render('v_template_back_end', [], true)
 8 APPPATH\Controllers\Wilayah.php(37): view('v_template_back_end', [...])
 9 SYSTEMPATH\CodeIgniter.php(951): App\Controllers\Wilayah->Add()
10 SYSTEMPATH\CodeIgniter.php(497): CodeIgniter\CodeIgniter->runController(Object(App\Controllers\Wilayah))
11 SYSTEMPATH\CodeIgniter.php(340): CodeIgniter\CodeIgniter->handleRequest(null, Object(Config\Cache), false)
12 SYSTEMPATH\Boot.php(417): CodeIgniter\CodeIgniter->run()
13 SYSTEMPATH\Boot.php(68): CodeIgniter\Boot::runCodeIgniter(Object(CodeIgniter\CodeIgniter))
14 FCPATH\index.php(59): CodeIgniter\Boot::bootWeb(Object(Config\Paths))
CRITICAL - 2026-05-02 03:43:50 --> Error: Call to a member function getError() on null
[Method: GET, Route: wilayah/input]
in APPPATH\Views\v_input.php on line 20.
 1 SYSTEMPATH\View\View.php(240): include()
 2 SYSTEMPATH\View\View.php(243): CodeIgniter\View\View->CodeIgniter\View\{closure}()
 3 SYSTEMPATH\Common.php(1250): CodeIgniter\View\View->render('v_input', [], true)
 4 APPPATH\Views\v_template_back_end.php(217): view('v_input')
 5 SYSTEMPATH\View\View.php(240): include('C:\\laragon\\www\\gis-spbu-ci4\\app\\Views\\v_template_back_end.php')
 6 SYSTEMPATH\View\View.php(243): CodeIgniter\View\View->CodeIgniter\View\{closure}()
 7 SYSTEMPATH\Common.php(1250): CodeIgniter\View\View->render('v_template_back_end', [], true)
 8 APPPATH\Controllers\Wilayah.php(37): view('v_template_back_end', [...])
 9 SYSTEMPATH\CodeIgniter.php(951): App\Controllers\Wilayah->Add()
10 SYSTEMPATH\CodeIgniter.php(497): CodeIgniter\CodeIgniter->runController(Object(App\Controllers\Wilayah))
11 SYSTEMPATH\CodeIgniter.php(340): CodeIgniter\CodeIgniter->handleRequest(null, Object(Config\Cache), false)
12 SYSTEMPATH\Boot.php(417): CodeIgniter\CodeIgniter->run()
13 SYSTEMPATH\Boot.php(68): CodeIgniter\Boot::runCodeIgniter(Object(CodeIgniter\CodeIgniter))
14 FCPATH\index.php(59): CodeIgniter\Boot::bootWeb(Object(Config\Paths))
CRITICAL - 2026-05-02 03:43:50 --> Error: Call to a member function getError() on null
[Method: GET, Route: wilayah/input]
in APPPATH\Views\v_input.php on line 20.
 1 SYSTEMPATH\View\View.php(240): include()
 2 SYSTEMPATH\View\View.php(243): CodeIgniter\View\View->CodeIgniter\View\{closure}()
 3 SYSTEMPATH\Common.php(1250): CodeIgniter\View\View->render('v_input', [], true)
 4 APPPATH\Views\v_template_back_end.php(217): view('v_input')
 5 SYSTEMPATH\View\View.php(240): include('C:\\laragon\\www\\gis-spbu-ci4\\app\\Views\\v_template_back_end.php')
 6 SYSTEMPATH\View\View.php(243): CodeIgniter\View\View->CodeIgniter\View\{closure}()
 7 SYSTEMPATH\Common.php(1250): CodeIgniter\View\View->render('v_template_back_end', [], true)
 8 APPPATH\Controllers\Wilayah.php(37): view('v_template_back_end', [...])
 9 SYSTEMPATH\CodeIgniter.php(951): App\Controllers\Wilayah->Add()
10 SYSTEMPATH\CodeIgniter.php(497): CodeIgniter\CodeIgniter->runController(Object(App\Controllers\Wilayah))
11 SYSTEMPATH\CodeIgniter.php(340): CodeIgniter\CodeIgniter->handleRequest(null, Object(Config\Cache), false)
12 SYSTEMPATH\Boot.php(417): CodeIgniter\CodeIgniter->run()
13 SYSTEMPATH\Boot.php(68): CodeIgniter\Boot::runCodeIgniter(Object(CodeIgniter\CodeIgniter))
14 FCPATH\index.php(59): CodeIgniter\Boot::bootWeb(Object(Config\Paths))
CRITICAL - 2026-05-02 03:43:51 --> Error: Call to a member function getError() on null
[Method: GET, Route: wilayah/input]
in APPPATH\Views\v_input.php on line 20.
 1 SYSTEMPATH\View\View.php(240): include()
 2 SYSTEMPATH\View\View.php(243): CodeIgniter\View\View->CodeIgniter\View\{closure}()
 3 SYSTEMPATH\Common.php(1250): CodeIgniter\View\View->render('v_input', [], true)
 4 APPPATH\Views\v_template_back_end.php(217): view('v_input')
 5 SYSTEMPATH\View\View.php(240): include('C:\\laragon\\www\\gis-spbu-ci4\\app\\Views\\v_template_back_end.php')
 6 SYSTEMPATH\View\View.php(243): CodeIgniter\View\View->CodeIgniter\View\{closure}()
 7 SYSTEMPATH\Common.php(1250): CodeIgniter\View\View->render('v_template_back_end', [], true)
 8 APPPATH\Controllers\Wilayah.php(37): view('v_template_back_end', [...])
 9 SYSTEMPATH\CodeIgniter.php(951): App\Controllers\Wilayah->Add()
10 SYSTEMPATH\CodeIgniter.php(497): CodeIgniter\CodeIgniter->runController(Object(App\Controllers\Wilayah))
11 SYSTEMPATH\CodeIgniter.php(340): CodeIgniter\CodeIgniter->handleRequest(null, Object(Config\Cache), false)
12 SYSTEMPATH\Boot.php(417): CodeIgniter\CodeIgniter->run()
13 SYSTEMPATH\Boot.php(68): CodeIgniter\Boot::runCodeIgniter(Object(CodeIgniter\CodeIgniter))
14 FCPATH\index.php(59): CodeIgniter\Boot::bootWeb(Object(Config\Paths))
CRITICAL - 2026-05-02 03:43:51 --> Error: Call to a member function getError() on null
[Method: GET, Route: wilayah/input]
in APPPATH\Views\v_input.php on line 20.
 1 SYSTEMPATH\View\View.php(240): include()
 2 SYSTEMPATH\View\View.php(243): CodeIgniter\View\View->CodeIgniter\View\{closure}()
 3 SYSTEMPATH\Common.php(1250): CodeIgniter\View\View->render('v_input', [], true)
 4 APPPATH\Views\v_template_back_end.php(217): view('v_input')
 5 SYSTEMPATH\View\View.php(240): include('C:\\laragon\\www\\gis-spbu-ci4\\app\\Views\\v_template_back_end.php')
 6 SYSTEMPATH\View\View.php(243): CodeIgniter\View\View->CodeIgniter\View\{closure}()
 7 SYSTEMPATH\Common.php(1250): CodeIgniter\View\View->render('v_template_back_end', [], true)
 8 APPPATH\Controllers\Wilayah.php(37): view('v_template_back_end', [...])
 9 SYSTEMPATH\CodeIgniter.php(951): App\Controllers\Wilayah->Add()
10 SYSTEMPATH\CodeIgniter.php(497): CodeIgniter\CodeIgniter->runController(Object(App\Controllers\Wilayah))
11 SYSTEMPATH\CodeIgniter.php(340): CodeIgniter\CodeIgniter->handleRequest(null, Object(Config\Cache), false)
12 SYSTEMPATH\Boot.php(417): CodeIgniter\CodeIgniter->run()
13 SYSTEMPATH\Boot.php(68): CodeIgniter\Boot::runCodeIgniter(Object(CodeIgniter\CodeIgniter))
14 FCPATH\index.php(59): CodeIgniter\Boot::bootWeb(Object(Config\Paths))
CRITICAL - 2026-05-02 03:43:51 --> Error: Call to a member function getError() on null
[Method: GET, Route: wilayah/input]
in APPPATH\Views\v_input.php on line 20.
 1 SYSTEMPATH\View\View.php(240): include()
 2 SYSTEMPATH\View\View.php(243): CodeIgniter\View\View->CodeIgniter\View\{closure}()
 3 SYSTEMPATH\Common.php(1250): CodeIgniter\View\View->render('v_input', [], true)
 4 APPPATH\Views\v_template_back_end.php(217): view('v_input')
 5 SYSTEMPATH\View\View.php(240): include('C:\\laragon\\www\\gis-spbu-ci4\\app\\Views\\v_template_back_end.php')
 6 SYSTEMPATH\View\View.php(243): CodeIgniter\View\View->CodeIgniter\View\{closure}()
 7 SYSTEMPATH\Common.php(1250): CodeIgniter\View\View->render('v_template_back_end', [], true)
 8 APPPATH\Controllers\Wilayah.php(37): view('v_template_back_end', [...])
 9 SYSTEMPATH\CodeIgniter.php(951): App\Controllers\Wilayah->Add()
10 SYSTEMPATH\CodeIgniter.php(497): CodeIgniter\CodeIgniter->runController(Object(App\Controllers\Wilayah))
11 SYSTEMPATH\CodeIgniter.php(340): CodeIgniter\CodeIgniter->handleRequest(null, Object(Config\Cache), false)
12 SYSTEMPATH\Boot.php(417): CodeIgniter\CodeIgniter->run()
13 SYSTEMPATH\Boot.php(68): CodeIgniter\Boot::runCodeIgniter(Object(CodeIgniter\CodeIgniter))
14 FCPATH\index.php(59): CodeIgniter\Boot::bootWeb(Object(Config\Paths))
CRITICAL - 2026-05-02 03:43:51 --> Error: Call to a member function getError() on null
[Method: GET, Route: wilayah/input]
in APPPATH\Views\v_input.php on line 20.
 1 SYSTEMPATH\View\View.php(240): include()
 2 SYSTEMPATH\View\View.php(243): CodeIgniter\View\View->CodeIgniter\View\{closure}()
 3 SYSTEMPATH\Common.php(1250): CodeIgniter\View\View->render('v_input', [], true)
 4 APPPATH\Views\v_template_back_end.php(217): view('v_input')
 5 SYSTEMPATH\View\View.php(240): include('C:\\laragon\\www\\gis-spbu-ci4\\app\\Views\\v_template_back_end.php')
 6 SYSTEMPATH\View\View.php(243): CodeIgniter\View\View->CodeIgniter\View\{closure}()
 7 SYSTEMPATH\Common.php(1250): CodeIgniter\View\View->render('v_template_back_end', [], true)
 8 APPPATH\Controllers\Wilayah.php(37): view('v_template_back_end', [...])
 9 SYSTEMPATH\CodeIgniter.php(951): App\Controllers\Wilayah->Add()
10 SYSTEMPATH\CodeIgniter.php(497): CodeIgniter\CodeIgniter->runController(Object(App\Controllers\Wilayah))
11 SYSTEMPATH\CodeIgniter.php(340): CodeIgniter\CodeIgniter->handleRequest(null, Object(Config\Cache), false)
12 SYSTEMPATH\Boot.php(417): CodeIgniter\CodeIgniter->run()
13 SYSTEMPATH\Boot.php(68): CodeIgniter\Boot::runCodeIgniter(Object(CodeIgniter\CodeIgniter))
14 FCPATH\index.php(59): CodeIgniter\Boot::bootWeb(Object(Config\Paths))
CRITICAL - 2026-05-02 03:43:57 --> Error: Call to a member function getError() on null
[Method: GET, Route: wilayah/input]
in APPPATH\Views\v_input.php on line 20.
 1 SYSTEMPATH\View\View.php(240): include()
 2 SYSTEMPATH\View\View.php(243): CodeIgniter\View\View->CodeIgniter\View\{closure}()
 3 SYSTEMPATH\Common.php(1250): CodeIgniter\View\View->render('v_input', [], true)
 4 APPPATH\Views\v_template_back_end.php(217): view('v_input')
 5 SYSTEMPATH\View\View.php(240): include('C:\\laragon\\www\\gis-spbu-ci4\\app\\Views\\v_template_back_end.php')
 6 SYSTEMPATH\View\View.php(243): CodeIgniter\View\View->CodeIgniter\View\{closure}()
 7 SYSTEMPATH\Common.php(1250): CodeIgniter\View\View->render('v_template_back_end', [], true)
 8 APPPATH\Controllers\Wilayah.php(37): view('v_template_back_end', [...])
 9 SYSTEMPATH\CodeIgniter.php(951): App\Controllers\Wilayah->Add()
10 SYSTEMPATH\CodeIgniter.php(497): CodeIgniter\CodeIgniter->runController(Object(App\Controllers\Wilayah))
11 SYSTEMPATH\CodeIgniter.php(340): CodeIgniter\CodeIgniter->handleRequest(null, Object(Config\Cache), false)
12 SYSTEMPATH\Boot.php(417): CodeIgniter\CodeIgniter->run()
13 SYSTEMPATH\Boot.php(68): CodeIgniter\Boot::runCodeIgniter(Object(CodeIgniter\CodeIgniter))
14 FCPATH\index.php(59): CodeIgniter\Boot::bootWeb(Object(Config\Paths))
CRITICAL - 2026-05-02 03:44:06 --> Error: Call to a member function getError() on null
[Method: GET, Route: wilayah/input]
in APPPATH\Views\v_input.php on line 20.
 1 SYSTEMPATH\View\View.php(240): include()
 2 SYSTEMPATH\View\View.php(243): CodeIgniter\View\View->CodeIgniter\View\{closure}()
 3 SYSTEMPATH\Common.php(1250): CodeIgniter\View\View->render('v_input', [], true)
 4 APPPATH\Views\v_template_back_end.php(217): view('v_input')
 5 SYSTEMPATH\View\View.php(240): include('C:\\laragon\\www\\gis-spbu-ci4\\app\\Views\\v_template_back_end.php')
 6 SYSTEMPATH\View\View.php(243): CodeIgniter\View\View->CodeIgniter\View\{closure}()
 7 SYSTEMPATH\Common.php(1250): CodeIgniter\View\View->render('v_template_back_end', [], true)
 8 APPPATH\Controllers\Wilayah.php(37): view('v_template_back_end', [...])
 9 SYSTEMPATH\CodeIgniter.php(951): App\Controllers\Wilayah->Add()
10 SYSTEMPATH\CodeIgniter.php(497): CodeIgniter\CodeIgniter->runController(Object(App\Controllers\Wilayah))
11 SYSTEMPATH\CodeIgniter.php(340): CodeIgniter\CodeIgniter->handleRequest(null, Object(Config\Cache), false)
12 SYSTEMPATH\Boot.php(417): CodeIgniter\CodeIgniter->run()
13 SYSTEMPATH\Boot.php(68): CodeIgniter\Boot::runCodeIgniter(Object(CodeIgniter\CodeIgniter))
14 FCPATH\index.php(59): CodeIgniter\Boot::bootWeb(Object(Config\Paths))
CRITICAL - 2026-05-02 03:44:09 --> Error: Call to a member function getError() on null
[Method: GET, Route: wilayah/input]
in APPPATH\Views\v_input.php on line 20.
 1 SYSTEMPATH\View\View.php(240): include()
 2 SYSTEMPATH\View\View.php(243): CodeIgniter\View\View->CodeIgniter\View\{closure}()
 3 SYSTEMPATH\Common.php(1250): CodeIgniter\View\View->render('v_input', [], true)
 4 APPPATH\Views\v_template_back_end.php(217): view('v_input')
 5 SYSTEMPATH\View\View.php(240): include('C:\\laragon\\www\\gis-spbu-ci4\\app\\Views\\v_template_back_end.php')
 6 SYSTEMPATH\View\View.php(243): CodeIgniter\View\View->CodeIgniter\View\{closure}()
 7 SYSTEMPATH\Common.php(1250): CodeIgniter\View\View->render('v_template_back_end', [], true)
 8 APPPATH\Controllers\Wilayah.php(37): view('v_template_back_end', [...])
 9 SYSTEMPATH\CodeIgniter.php(951): App\Controllers\Wilayah->Add()
10 SYSTEMPATH\CodeIgniter.php(497): CodeIgniter\CodeIgniter->runController(Object(App\Controllers\Wilayah))
11 SYSTEMPATH\CodeIgniter.php(340): CodeIgniter\CodeIgniter->handleRequest(null, Object(Config\Cache), false)
12 SYSTEMPATH\Boot.php(417): CodeIgniter\CodeIgniter->run()
13 SYSTEMPATH\Boot.php(68): CodeIgniter\Boot::runCodeIgniter(Object(CodeIgniter\CodeIgniter))
14 FCPATH\index.php(59): CodeIgniter\Boot::bootWeb(Object(Config\Paths))
CRITICAL - 2026-05-02 03:44:13 --> Error: Call to a member function getError() on null
[Method: GET, Route: wilayah/input]
in APPPATH\Views\v_input.php on line 20.
 1 SYSTEMPATH\View\View.php(240): include()
 2 SYSTEMPATH\View\View.php(243): CodeIgniter\View\View->CodeIgniter\View\{closure}()
 3 SYSTEMPATH\Common.php(1250): CodeIgniter\View\View->render('v_input', [], true)
 4 APPPATH\Views\v_template_back_end.php(217): view('v_input')
 5 SYSTEMPATH\View\View.php(240): include('C:\\laragon\\www\\gis-spbu-ci4\\app\\Views\\v_template_back_end.php')
 6 SYSTEMPATH\View\View.php(243): CodeIgniter\View\View->CodeIgniter\View\{closure}()
 7 SYSTEMPATH\Common.php(1250): CodeIgniter\View\View->render('v_template_back_end', [], true)
 8 APPPATH\Controllers\Wilayah.php(37): view('v_template_back_end', [...])
 9 SYSTEMPATH\CodeIgniter.php(951): App\Controllers\Wilayah->Add()
10 SYSTEMPATH\CodeIgniter.php(497): CodeIgniter\CodeIgniter->runController(Object(App\Controllers\Wilayah))
11 SYSTEMPATH\CodeIgniter.php(340): CodeIgniter\CodeIgniter->handleRequest(null, Object(Config\Cache), false)
12 SYSTEMPATH\Boot.php(417): CodeIgniter\CodeIgniter->run()
13 SYSTEMPATH\Boot.php(68): CodeIgniter\Boot::runCodeIgniter(Object(CodeIgniter\CodeIgniter))
14 FCPATH\index.php(59): CodeIgniter\Boot::bootWeb(Object(Config\Paths))
CRITICAL - 2026-05-02 03:44:19 --> Error: Call to a member function getError() on null
[Method: GET, Route: wilayah/input]
in APPPATH\Views\v_input.php on line 20.
 1 SYSTEMPATH\View\View.php(240): include()
 2 SYSTEMPATH\View\View.php(243): CodeIgniter\View\View->CodeIgniter\View\{closure}()
 3 SYSTEMPATH\Common.php(1250): CodeIgniter\View\View->render('v_input', [], true)
 4 APPPATH\Views\v_template_back_end.php(217): view('v_input')
 5 SYSTEMPATH\View\View.php(240): include('C:\\laragon\\www\\gis-spbu-ci4\\app\\Views\\v_template_back_end.php')
 6 SYSTEMPATH\View\View.php(243): CodeIgniter\View\View->CodeIgniter\View\{closure}()
 7 SYSTEMPATH\Common.php(1250): CodeIgniter\View\View->render('v_template_back_end', [], true)
 8 APPPATH\Controllers\Wilayah.php(37): view('v_template_back_end', [...])
 9 SYSTEMPATH\CodeIgniter.php(951): App\Controllers\Wilayah->Add()
10 SYSTEMPATH\CodeIgniter.php(497): CodeIgniter\CodeIgniter->runController(Object(App\Controllers\Wilayah))
11 SYSTEMPATH\CodeIgniter.php(340): CodeIgniter\CodeIgniter->handleRequest(null, Object(Config\Cache), false)
12 SYSTEMPATH\Boot.php(417): CodeIgniter\CodeIgniter->run()
13 SYSTEMPATH\Boot.php(68): CodeIgniter\Boot::runCodeIgniter(Object(CodeIgniter\CodeIgniter))
14 FCPATH\index.php(59): CodeIgniter\Boot::bootWeb(Object(Config\Paths))
CRITICAL - 2026-05-02 03:44:20 --> Error: Call to a member function getError() on null
[Method: GET, Route: wilayah/input]
in APPPATH\Views\v_input.php on line 20.
 1 SYSTEMPATH\View\View.php(240): include()
 2 SYSTEMPATH\View\View.php(243): CodeIgniter\View\View->CodeIgniter\View\{closure}()
 3 SYSTEMPATH\Common.php(1250): CodeIgniter\View\View->render('v_input', [], true)
 4 APPPATH\Views\v_template_back_end.php(217): view('v_input')
 5 SYSTEMPATH\View\View.php(240): include('C:\\laragon\\www\\gis-spbu-ci4\\app\\Views\\v_template_back_end.php')
 6 SYSTEMPATH\View\View.php(243): CodeIgniter\View\View->CodeIgniter\View\{closure}()
 7 SYSTEMPATH\Common.php(1250): CodeIgniter\View\View->render('v_template_back_end', [], true)
 8 APPPATH\Controllers\Wilayah.php(37): view('v_template_back_end', [...])
 9 SYSTEMPATH\CodeIgniter.php(951): App\Controllers\Wilayah->Add()
10 SYSTEMPATH\CodeIgniter.php(497): CodeIgniter\CodeIgniter->runController(Object(App\Controllers\Wilayah))
11 SYSTEMPATH\CodeIgniter.php(340): CodeIgniter\CodeIgniter->handleRequest(null, Object(Config\Cache), false)
12 SYSTEMPATH\Boot.php(417): CodeIgniter\CodeIgniter->run()
13 SYSTEMPATH\Boot.php(68): CodeIgniter\Boot::runCodeIgniter(Object(CodeIgniter\CodeIgniter))
14 FCPATH\index.php(59): CodeIgniter\Boot::bootWeb(Object(Config\Paths))
CRITICAL - 2026-05-02 03:44:20 --> Error: Call to a member function getError() on null
[Method: GET, Route: wilayah/input]
in APPPATH\Views\v_input.php on line 20.
 1 SYSTEMPATH\View\View.php(240): include()
 2 SYSTEMPATH\View\View.php(243): CodeIgniter\View\View->CodeIgniter\View\{closure}()
 3 SYSTEMPATH\Common.php(1250): CodeIgniter\View\View->render('v_input', [], true)
 4 APPPATH\Views\v_template_back_end.php(217): view('v_input')
 5 SYSTEMPATH\View\View.php(240): include('C:\\laragon\\www\\gis-spbu-ci4\\app\\Views\\v_template_back_end.php')
 6 SYSTEMPATH\View\View.php(243): CodeIgniter\View\View->CodeIgniter\View\{closure}()
 7 SYSTEMPATH\Common.php(1250): CodeIgniter\View\View->render('v_template_back_end', [], true)
 8 APPPATH\Controllers\Wilayah.php(37): view('v_template_back_end', [...])
 9 SYSTEMPATH\CodeIgniter.php(951): App\Controllers\Wilayah->Add()
10 SYSTEMPATH\CodeIgniter.php(497): CodeIgniter\CodeIgniter->runController(Object(App\Controllers\Wilayah))
11 SYSTEMPATH\CodeIgniter.php(340): CodeIgniter\CodeIgniter->handleRequest(null, Object(Config\Cache), false)
12 SYSTEMPATH\Boot.php(417): CodeIgniter\CodeIgniter->run()
13 SYSTEMPATH\Boot.php(68): CodeIgniter\Boot::runCodeIgniter(Object(CodeIgniter\CodeIgniter))
14 FCPATH\index.php(59): CodeIgniter\Boot::bootWeb(Object(Config\Paths))
CRITICAL - 2026-05-02 03:44:27 --> Error: Call to a member function getError() on null
[Method: GET, Route: wilayah/input]
in APPPATH\Views\v_input.php on line 20.
 1 SYSTEMPATH\View\View.php(240): include()
 2 SYSTEMPATH\View\View.php(243): CodeIgniter\View\View->CodeIgniter\View\{closure}()
 3 SYSTEMPATH\Common.php(1250): CodeIgniter\View\View->render('v_input', [], true)
 4 APPPATH\Views\v_template_back_end.php(217): view('v_input')
 5 SYSTEMPATH\View\View.php(240): include('C:\\laragon\\www\\gis-spbu-ci4\\app\\Views\\v_template_back_end.php')
 6 SYSTEMPATH\View\View.php(243): CodeIgniter\View\View->CodeIgniter\View\{closure}()
 7 SYSTEMPATH\Common.php(1250): CodeIgniter\View\View->render('v_template_back_end', [], true)
 8 APPPATH\Controllers\Wilayah.php(37): view('v_template_back_end', [...])
 9 SYSTEMPATH\CodeIgniter.php(951): App\Controllers\Wilayah->Add()
10 SYSTEMPATH\CodeIgniter.php(497): CodeIgniter\CodeIgniter->runController(Object(App\Controllers\Wilayah))
11 SYSTEMPATH\CodeIgniter.php(340): CodeIgniter\CodeIgniter->handleRequest(null, Object(Config\Cache), false)
12 SYSTEMPATH\Boot.php(417): CodeIgniter\CodeIgniter->run()
13 SYSTEMPATH\Boot.php(68): CodeIgniter\Boot::runCodeIgniter(Object(CodeIgniter\CodeIgniter))
14 FCPATH\index.php(59): CodeIgniter\Boot::bootWeb(Object(Config\Paths))
CRITICAL - 2026-05-02 03:44:27 --> Error: Call to a member function getError() on null
[Method: GET, Route: wilayah/input]
in APPPATH\Views\v_input.php on line 20.
 1 SYSTEMPATH\View\View.php(240): include()
 2 SYSTEMPATH\View\View.php(243): CodeIgniter\View\View->CodeIgniter\View\{closure}()
 3 SYSTEMPATH\Common.php(1250): CodeIgniter\View\View->render('v_input', [], true)
 4 APPPATH\Views\v_template_back_end.php(217): view('v_input')
 5 SYSTEMPATH\View\View.php(240): include('C:\\laragon\\www\\gis-spbu-ci4\\app\\Views\\v_template_back_end.php')
 6 SYSTEMPATH\View\View.php(243): CodeIgniter\View\View->CodeIgniter\View\{closure}()
 7 SYSTEMPATH\Common.php(1250): CodeIgniter\View\View->render('v_template_back_end', [], true)
 8 APPPATH\Controllers\Wilayah.php(37): view('v_template_back_end', [...])
 9 SYSTEMPATH\CodeIgniter.php(951): App\Controllers\Wilayah->Add()
10 SYSTEMPATH\CodeIgniter.php(497): CodeIgniter\CodeIgniter->runController(Object(App\Controllers\Wilayah))
11 SYSTEMPATH\CodeIgniter.php(340): CodeIgniter\CodeIgniter->handleRequest(null, Object(Config\Cache), false)
12 SYSTEMPATH\Boot.php(417): CodeIgniter\CodeIgniter->run()
13 SYSTEMPATH\Boot.php(68): CodeIgniter\Boot::runCodeIgniter(Object(CodeIgniter\CodeIgniter))
14 FCPATH\index.php(59): CodeIgniter\Boot::bootWeb(Object(Config\Paths))
CRITICAL - 2026-05-02 03:44:28 --> Error: Call to a member function getError() on null
[Method: GET, Route: wilayah/input]
in APPPATH\Views\v_input.php on line 20.
 1 SYSTEMPATH\View\View.php(240): include()
 2 SYSTEMPATH\View\View.php(243): CodeIgniter\View\View->CodeIgniter\View\{closure}()
 3 SYSTEMPATH\Common.php(1250): CodeIgniter\View\View->render('v_input', [], true)
 4 APPPATH\Views\v_template_back_end.php(217): view('v_input')
 5 SYSTEMPATH\View\View.php(240): include('C:\\laragon\\www\\gis-spbu-ci4\\app\\Views\\v_template_back_end.php')
 6 SYSTEMPATH\View\View.php(243): CodeIgniter\View\View->CodeIgniter\View\{closure}()
 7 SYSTEMPATH\Common.php(1250): CodeIgniter\View\View->render('v_template_back_end', [], true)
 8 APPPATH\Controllers\Wilayah.php(37): view('v_template_back_end', [...])
 9 SYSTEMPATH\CodeIgniter.php(951): App\Controllers\Wilayah->Add()
10 SYSTEMPATH\CodeIgniter.php(497): CodeIgniter\CodeIgniter->runController(Object(App\Controllers\Wilayah))
11 SYSTEMPATH\CodeIgniter.php(340): CodeIgniter\CodeIgniter->handleRequest(null, Object(Config\Cache), false)
12 SYSTEMPATH\Boot.php(417): CodeIgniter\CodeIgniter->run()
13 SYSTEMPATH\Boot.php(68): CodeIgniter\Boot::runCodeIgniter(Object(CodeIgniter\CodeIgniter))
14 FCPATH\index.php(59): CodeIgniter\Boot::bootWeb(Object(Config\Paths))
CRITICAL - 2026-05-02 03:44:28 --> Error: Call to a member function getError() on null
[Method: GET, Route: wilayah/input]
in APPPATH\Views\v_input.php on line 20.
 1 SYSTEMPATH\View\View.php(240): include()
 2 SYSTEMPATH\View\View.php(243): CodeIgniter\View\View->CodeIgniter\View\{closure}()
 3 SYSTEMPATH\Common.php(1250): CodeIgniter\View\View->render('v_input', [], true)
 4 APPPATH\Views\v_template_back_end.php(217): view('v_input')
 5 SYSTEMPATH\View\View.php(240): include('C:\\laragon\\www\\gis-spbu-ci4\\app\\Views\\v_template_back_end.php')
 6 SYSTEMPATH\View\View.php(243): CodeIgniter\View\View->CodeIgniter\View\{closure}()
 7 SYSTEMPATH\Common.php(1250): CodeIgniter\View\View->render('v_template_back_end', [], true)
 8 APPPATH\Controllers\Wilayah.php(37): view('v_template_back_end', [...])
 9 SYSTEMPATH\CodeIgniter.php(951): App\Controllers\Wilayah->Add()
10 SYSTEMPATH\CodeIgniter.php(497): CodeIgniter\CodeIgniter->runController(Object(App\Controllers\Wilayah))
11 SYSTEMPATH\CodeIgniter.php(340): CodeIgniter\CodeIgniter->handleRequest(null, Object(Config\Cache), false)
12 SYSTEMPATH\Boot.php(417): CodeIgniter\CodeIgniter->run()
13 SYSTEMPATH\Boot.php(68): CodeIgniter\Boot::runCodeIgniter(Object(CodeIgniter\CodeIgniter))
14 FCPATH\index.php(59): CodeIgniter\Boot::bootWeb(Object(Config\Paths))
CRITICAL - 2026-05-02 03:44:28 --> Error: Call to a member function getError() on null
[Method: GET, Route: wilayah/input]
in APPPATH\Views\v_input.php on line 20.
 1 SYSTEMPATH\View\View.php(240): include()
 2 SYSTEMPATH\View\View.php(243): CodeIgniter\View\View->CodeIgniter\View\{closure}()
 3 SYSTEMPATH\Common.php(1250): CodeIgniter\View\View->render('v_input', [], true)
 4 APPPATH\Views\v_template_back_end.php(217): view('v_input')
 5 SYSTEMPATH\View\View.php(240): include('C:\\laragon\\www\\gis-spbu-ci4\\app\\Views\\v_template_back_end.php')
 6 SYSTEMPATH\View\View.php(243): CodeIgniter\View\View->CodeIgniter\View\{closure}()
 7 SYSTEMPATH\Common.php(1250): CodeIgniter\View\View->render('v_template_back_end', [], true)
 8 APPPATH\Controllers\Wilayah.php(37): view('v_template_back_end', [...])
 9 SYSTEMPATH\CodeIgniter.php(951): App\Controllers\Wilayah->Add()
10 SYSTEMPATH\CodeIgniter.php(497): CodeIgniter\CodeIgniter->runController(Object(App\Controllers\Wilayah))
11 SYSTEMPATH\CodeIgniter.php(340): CodeIgniter\CodeIgniter->handleRequest(null, Object(Config\Cache), false)
12 SYSTEMPATH\Boot.php(417): CodeIgniter\CodeIgniter->run()
13 SYSTEMPATH\Boot.php(68): CodeIgniter\Boot::runCodeIgniter(Object(CodeIgniter\CodeIgniter))
14 FCPATH\index.php(59): CodeIgniter\Boot::bootWeb(Object(Config\Paths))
CRITICAL - 2026-05-02 03:44:28 --> Error: Call to a member function getError() on null
[Method: GET, Route: wilayah/input]
in APPPATH\Views\v_input.php on line 20.
 1 SYSTEMPATH\View\View.php(240): include()
 2 SYSTEMPATH\View\View.php(243): CodeIgniter\View\View->CodeIgniter\View\{closure}()
 3 SYSTEMPATH\Common.php(1250): CodeIgniter\View\View->render('v_input', [], true)
 4 APPPATH\Views\v_template_back_end.php(217): view('v_input')
 5 SYSTEMPATH\View\View.php(240): include('C:\\laragon\\www\\gis-spbu-ci4\\app\\Views\\v_template_back_end.php')
 6 SYSTEMPATH\View\View.php(243): CodeIgniter\View\View->CodeIgniter\View\{closure}()
 7 SYSTEMPATH\Common.php(1250): CodeIgniter\View\View->render('v_template_back_end', [], true)
 8 APPPATH\Controllers\Wilayah.php(37): view('v_template_back_end', [...])
 9 SYSTEMPATH\CodeIgniter.php(951): App\Controllers\Wilayah->Add()
10 SYSTEMPATH\CodeIgniter.php(497): CodeIgniter\CodeIgniter->runController(Object(App\Controllers\Wilayah))
11 SYSTEMPATH\CodeIgniter.php(340): CodeIgniter\CodeIgniter->handleRequest(null, Object(Config\Cache), false)
12 SYSTEMPATH\Boot.php(417): CodeIgniter\CodeIgniter->run()
13 SYSTEMPATH\Boot.php(68): CodeIgniter\Boot::runCodeIgniter(Object(CodeIgniter\CodeIgniter))
14 FCPATH\index.php(59): CodeIgniter\Boot::bootWeb(Object(Config\Paths))
CRITICAL - 2026-05-02 03:45:00 --> Error: Call to a member function getError() on null
[Method: GET, Route: wilayah/input]
in APPPATH\Views\v_input.php on line 20.
 1 SYSTEMPATH\View\View.php(240): include()
 2 SYSTEMPATH\View\View.php(243): CodeIgniter\View\View->CodeIgniter\View\{closure}()
 3 SYSTEMPATH\Common.php(1250): CodeIgniter\View\View->render('v_input', [], true)
 4 APPPATH\Views\v_template_back_end.php(217): view('v_input')
 5 SYSTEMPATH\View\View.php(240): include('C:\\laragon\\www\\gis-spbu-ci4\\app\\Views\\v_template_back_end.php')
 6 SYSTEMPATH\View\View.php(243): CodeIgniter\View\View->CodeIgniter\View\{closure}()
 7 SYSTEMPATH\Common.php(1250): CodeIgniter\View\View->render('v_template_back_end', [], true)
 8 APPPATH\Controllers\Wilayah.php(37): view('v_template_back_end', [...])
 9 SYSTEMPATH\CodeIgniter.php(951): App\Controllers\Wilayah->Add()
10 SYSTEMPATH\CodeIgniter.php(497): CodeIgniter\CodeIgniter->runController(Object(App\Controllers\Wilayah))
11 SYSTEMPATH\CodeIgniter.php(340): CodeIgniter\CodeIgniter->handleRequest(null, Object(Config\Cache), false)
12 SYSTEMPATH\Boot.php(417): CodeIgniter\CodeIgniter->run()
13 SYSTEMPATH\Boot.php(68): CodeIgniter\Boot::runCodeIgniter(Object(CodeIgniter\CodeIgniter))
14 FCPATH\index.php(59): CodeIgniter\Boot::bootWeb(Object(Config\Paths))
CRITICAL - 2026-05-02 03:45:01 --> Error: Call to a member function getError() on null
[Method: GET, Route: wilayah/input]
in APPPATH\Views\v_input.php on line 20.
 1 SYSTEMPATH\View\View.php(240): include()
 2 SYSTEMPATH\View\View.php(243): CodeIgniter\View\View->CodeIgniter\View\{closure}()
 3 SYSTEMPATH\Common.php(1250): CodeIgniter\View\View->render('v_input', [], true)
 4 APPPATH\Views\v_template_back_end.php(217): view('v_input')
 5 SYSTEMPATH\View\View.php(240): include('C:\\laragon\\www\\gis-spbu-ci4\\app\\Views\\v_template_back_end.php')
 6 SYSTEMPATH\View\View.php(243): CodeIgniter\View\View->CodeIgniter\View\{closure}()
 7 SYSTEMPATH\Common.php(1250): CodeIgniter\View\View->render('v_template_back_end', [], true)
 8 APPPATH\Controllers\Wilayah.php(37): view('v_template_back_end', [...])
 9 SYSTEMPATH\CodeIgniter.php(951): App\Controllers\Wilayah->Add()
10 SYSTEMPATH\CodeIgniter.php(497): CodeIgniter\CodeIgniter->runController(Object(App\Controllers\Wilayah))
11 SYSTEMPATH\CodeIgniter.php(340): CodeIgniter\CodeIgniter->handleRequest(null, Object(Config\Cache), false)
12 SYSTEMPATH\Boot.php(417): CodeIgniter\CodeIgniter->run()
13 SYSTEMPATH\Boot.php(68): CodeIgniter\Boot::runCodeIgniter(Object(CodeIgniter\CodeIgniter))
14 FCPATH\index.php(59): CodeIgniter\Boot::bootWeb(Object(Config\Paths))
CRITICAL - 2026-05-02 03:45:01 --> Error: Call to a member function getError() on null
[Method: GET, Route: wilayah/input]
in APPPATH\Views\v_input.php on line 20.
 1 SYSTEMPATH\View\View.php(240): include()
 2 SYSTEMPATH\View\View.php(243): CodeIgniter\View\View->CodeIgniter\View\{closure}()
 3 SYSTEMPATH\Common.php(1250): CodeIgniter\View\View->render('v_input', [], true)
 4 APPPATH\Views\v_template_back_end.php(217): view('v_input')
 5 SYSTEMPATH\View\View.php(240): include('C:\\laragon\\www\\gis-spbu-ci4\\app\\Views\\v_template_back_end.php')
 6 SYSTEMPATH\View\View.php(243): CodeIgniter\View\View->CodeIgniter\View\{closure}()
 7 SYSTEMPATH\Common.php(1250): CodeIgniter\View\View->render('v_template_back_end', [], true)
 8 APPPATH\Controllers\Wilayah.php(37): view('v_template_back_end', [...])
 9 SYSTEMPATH\CodeIgniter.php(951): App\Controllers\Wilayah->Add()
10 SYSTEMPATH\CodeIgniter.php(497): CodeIgniter\CodeIgniter->runController(Object(App\Controllers\Wilayah))
11 SYSTEMPATH\CodeIgniter.php(340): CodeIgniter\CodeIgniter->handleRequest(null, Object(Config\Cache), false)
12 SYSTEMPATH\Boot.php(417): CodeIgniter\CodeIgniter->run()
13 SYSTEMPATH\Boot.php(68): CodeIgniter\Boot::runCodeIgniter(Object(CodeIgniter\CodeIgniter))
14 FCPATH\index.php(59): CodeIgniter\Boot::bootWeb(Object(Config\Paths))
CRITICAL - 2026-05-02 03:45:01 --> Error: Call to a member function getError() on null
[Method: GET, Route: wilayah/input]
in APPPATH\Views\v_input.php on line 20.
 1 SYSTEMPATH\View\View.php(240): include()
 2 SYSTEMPATH\View\View.php(243): CodeIgniter\View\View->CodeIgniter\View\{closure}()
 3 SYSTEMPATH\Common.php(1250): CodeIgniter\View\View->render('v_input', [], true)
 4 APPPATH\Views\v_template_back_end.php(217): view('v_input')
 5 SYSTEMPATH\View\View.php(240): include('C:\\laragon\\www\\gis-spbu-ci4\\app\\Views\\v_template_back_end.php')
 6 SYSTEMPATH\View\View.php(243): CodeIgniter\View\View->CodeIgniter\View\{closure}()
 7 SYSTEMPATH\Common.php(1250): CodeIgniter\View\View->render('v_template_back_end', [], true)
 8 APPPATH\Controllers\Wilayah.php(37): view('v_template_back_end', [...])
 9 SYSTEMPATH\CodeIgniter.php(951): App\Controllers\Wilayah->Add()
10 SYSTEMPATH\CodeIgniter.php(497): CodeIgniter\CodeIgniter->runController(Object(App\Controllers\Wilayah))
11 SYSTEMPATH\CodeIgniter.php(340): CodeIgniter\CodeIgniter->handleRequest(null, Object(Config\Cache), false)
12 SYSTEMPATH\Boot.php(417): CodeIgniter\CodeIgniter->run()
13 SYSTEMPATH\Boot.php(68): CodeIgniter\Boot::runCodeIgniter(Object(CodeIgniter\CodeIgniter))
14 FCPATH\index.php(59): CodeIgniter\Boot::bootWeb(Object(Config\Paths))
CRITICAL - 2026-05-02 03:45:01 --> Error: Call to a member function getError() on null
[Method: GET, Route: wilayah/input]
in APPPATH\Views\v_input.php on line 20.
 1 SYSTEMPATH\View\View.php(240): include()
 2 SYSTEMPATH\View\View.php(243): CodeIgniter\View\View->CodeIgniter\View\{closure}()
 3 SYSTEMPATH\Common.php(1250): CodeIgniter\View\View->render('v_input', [], true)
 4 APPPATH\Views\v_template_back_end.php(217): view('v_input')
 5 SYSTEMPATH\View\View.php(240): include('C:\\laragon\\www\\gis-spbu-ci4\\app\\Views\\v_template_back_end.php')
 6 SYSTEMPATH\View\View.php(243): CodeIgniter\View\View->CodeIgniter\View\{closure}()
 7 SYSTEMPATH\Common.php(1250): CodeIgniter\View\View->render('v_template_back_end', [], true)
 8 APPPATH\Controllers\Wilayah.php(37): view('v_template_back_end', [...])
 9 SYSTEMPATH\CodeIgniter.php(951): App\Controllers\Wilayah->Add()
10 SYSTEMPATH\CodeIgniter.php(497): CodeIgniter\CodeIgniter->runController(Object(App\Controllers\Wilayah))
11 SYSTEMPATH\CodeIgniter.php(340): CodeIgniter\CodeIgniter->handleRequest(null, Object(Config\Cache), false)
12 SYSTEMPATH\Boot.php(417): CodeIgniter\CodeIgniter->run()
13 SYSTEMPATH\Boot.php(68): CodeIgniter\Boot::runCodeIgniter(Object(CodeIgniter\CodeIgniter))
14 FCPATH\index.php(59): CodeIgniter\Boot::bootWeb(Object(Config\Paths))
CRITICAL - 2026-05-02 03:45:29 --> Error: Call to a member function getError() on null
[Method: GET, Route: wilayah/input]
in APPPATH\Views\v_input.php on line 20.
 1 SYSTEMPATH\View\View.php(240): include()
 2 SYSTEMPATH\View\View.php(243): CodeIgniter\View\View->CodeIgniter\View\{closure}()
 3 SYSTEMPATH\Common.php(1250): CodeIgniter\View\View->render('v_input', [], true)
 4 APPPATH\Views\v_template_back_end.php(217): view('v_input')
 5 SYSTEMPATH\View\View.php(240): include('C:\\laragon\\www\\gis-spbu-ci4\\app\\Views\\v_template_back_end.php')
 6 SYSTEMPATH\View\View.php(243): CodeIgniter\View\View->CodeIgniter\View\{closure}()
 7 SYSTEMPATH\Common.php(1250): CodeIgniter\View\View->render('v_template_back_end', [], true)
 8 APPPATH\Controllers\Wilayah.php(37): view('v_template_back_end', [...])
 9 SYSTEMPATH\CodeIgniter.php(951): App\Controllers\Wilayah->Add()
10 SYSTEMPATH\CodeIgniter.php(497): CodeIgniter\CodeIgniter->runController(Object(App\Controllers\Wilayah))
11 SYSTEMPATH\CodeIgniter.php(340): CodeIgniter\CodeIgniter->handleRequest(null, Object(Config\Cache), false)
12 SYSTEMPATH\Boot.php(417): CodeIgniter\CodeIgniter->run()
13 SYSTEMPATH\Boot.php(68): CodeIgniter\Boot::runCodeIgniter(Object(CodeIgniter\CodeIgniter))
14 FCPATH\index.php(59): CodeIgniter\Boot::bootWeb(Object(Config\Paths))
CRITICAL - 2026-05-02 03:45:30 --> Error: Call to a member function getError() on null
[Method: GET, Route: wilayah/input]
in APPPATH\Views\v_input.php on line 20.
 1 SYSTEMPATH\View\View.php(240): include()
 2 SYSTEMPATH\View\View.php(243): CodeIgniter\View\View->CodeIgniter\View\{closure}()
 3 SYSTEMPATH\Common.php(1250): CodeIgniter\View\View->render('v_input', [], true)
 4 APPPATH\Views\v_template_back_end.php(217): view('v_input')
 5 SYSTEMPATH\View\View.php(240): include('C:\\laragon\\www\\gis-spbu-ci4\\app\\Views\\v_template_back_end.php')
 6 SYSTEMPATH\View\View.php(243): CodeIgniter\View\View->CodeIgniter\View\{closure}()
 7 SYSTEMPATH\Common.php(1250): CodeIgniter\View\View->render('v_template_back_end', [], true)
 8 APPPATH\Controllers\Wilayah.php(37): view('v_template_back_end', [...])
 9 SYSTEMPATH\CodeIgniter.php(951): App\Controllers\Wilayah->Add()
10 SYSTEMPATH\CodeIgniter.php(497): CodeIgniter\CodeIgniter->runController(Object(App\Controllers\Wilayah))
11 SYSTEMPATH\CodeIgniter.php(340): CodeIgniter\CodeIgniter->handleRequest(null, Object(Config\Cache), false)
12 SYSTEMPATH\Boot.php(417): CodeIgniter\CodeIgniter->run()
13 SYSTEMPATH\Boot.php(68): CodeIgniter\Boot::runCodeIgniter(Object(CodeIgniter\CodeIgniter))
14 FCPATH\index.php(59): CodeIgniter\Boot::bootWeb(Object(Config\Paths))
CRITICAL - 2026-05-02 03:45:31 --> Error: Call to a member function getError() on null
[Method: GET, Route: wilayah/input]
in APPPATH\Views\v_input.php on line 20.
 1 SYSTEMPATH\View\View.php(240): include()
 2 SYSTEMPATH\View\View.php(243): CodeIgniter\View\View->CodeIgniter\View\{closure}()
 3 SYSTEMPATH\Common.php(1250): CodeIgniter\View\View->render('v_input', [], true)
 4 APPPATH\Views\v_template_back_end.php(217): view('v_input')
 5 SYSTEMPATH\View\View.php(240): include('C:\\laragon\\www\\gis-spbu-ci4\\app\\Views\\v_template_back_end.php')
 6 SYSTEMPATH\View\View.php(243): CodeIgniter\View\View->CodeIgniter\View\{closure}()
 7 SYSTEMPATH\Common.php(1250): CodeIgniter\View\View->render('v_template_back_end', [], true)
 8 APPPATH\Controllers\Wilayah.php(37): view('v_template_back_end', [...])
 9 SYSTEMPATH\CodeIgniter.php(951): App\Controllers\Wilayah->Add()
10 SYSTEMPATH\CodeIgniter.php(497): CodeIgniter\CodeIgniter->runController(Object(App\Controllers\Wilayah))
11 SYSTEMPATH\CodeIgniter.php(340): CodeIgniter\CodeIgniter->handleRequest(null, Object(Config\Cache), false)
12 SYSTEMPATH\Boot.php(417): CodeIgniter\CodeIgniter->run()
13 SYSTEMPATH\Boot.php(68): CodeIgniter\Boot::runCodeIgniter(Object(CodeIgniter\CodeIgniter))
14 FCPATH\index.php(59): CodeIgniter\Boot::bootWeb(Object(Config\Paths))
CRITICAL - 2026-05-02 03:45:31 --> Error: Call to a member function getError() on null
[Method: GET, Route: wilayah/input]
in APPPATH\Views\v_input.php on line 20.
 1 SYSTEMPATH\View\View.php(240): include()
 2 SYSTEMPATH\View\View.php(243): CodeIgniter\View\View->CodeIgniter\View\{closure}()
 3 SYSTEMPATH\Common.php(1250): CodeIgniter\View\View->render('v_input', [], true)
 4 APPPATH\Views\v_template_back_end.php(217): view('v_input')
 5 SYSTEMPATH\View\View.php(240): include('C:\\laragon\\www\\gis-spbu-ci4\\app\\Views\\v_template_back_end.php')
 6 SYSTEMPATH\View\View.php(243): CodeIgniter\View\View->CodeIgniter\View\{closure}()
 7 SYSTEMPATH\Common.php(1250): CodeIgniter\View\View->render('v_template_back_end', [], true)
 8 APPPATH\Controllers\Wilayah.php(37): view('v_template_back_end', [...])
 9 SYSTEMPATH\CodeIgniter.php(951): App\Controllers\Wilayah->Add()
10 SYSTEMPATH\CodeIgniter.php(497): CodeIgniter\CodeIgniter->runController(Object(App\Controllers\Wilayah))
11 SYSTEMPATH\CodeIgniter.php(340): CodeIgniter\CodeIgniter->handleRequest(null, Object(Config\Cache), false)
12 SYSTEMPATH\Boot.php(417): CodeIgniter\CodeIgniter->run()
13 SYSTEMPATH\Boot.php(68): CodeIgniter\Boot::runCodeIgniter(Object(CodeIgniter\CodeIgniter))
14 FCPATH\index.php(59): CodeIgniter\Boot::bootWeb(Object(Config\Paths))
CRITICAL - 2026-05-02 03:45:31 --> Error: Call to a member function getError() on null
[Method: GET, Route: wilayah/input]
in APPPATH\Views\v_input.php on line 20.
 1 SYSTEMPATH\View\View.php(240): include()
 2 SYSTEMPATH\View\View.php(243): CodeIgniter\View\View->CodeIgniter\View\{closure}()
 3 SYSTEMPATH\Common.php(1250): CodeIgniter\View\View->render('v_input', [], true)
 4 APPPATH\Views\v_template_back_end.php(217): view('v_input')
 5 SYSTEMPATH\View\View.php(240): include('C:\\laragon\\www\\gis-spbu-ci4\\app\\Views\\v_template_back_end.php')
 6 SYSTEMPATH\View\View.php(243): CodeIgniter\View\View->CodeIgniter\View\{closure}()
 7 SYSTEMPATH\Common.php(1250): CodeIgniter\View\View->render('v_template_back_end', [], true)
 8 APPPATH\Controllers\Wilayah.php(37): view('v_template_back_end', [...])
 9 SYSTEMPATH\CodeIgniter.php(951): App\Controllers\Wilayah->Add()
10 SYSTEMPATH\CodeIgniter.php(497): CodeIgniter\CodeIgniter->runController(Object(App\Controllers\Wilayah))
11 SYSTEMPATH\CodeIgniter.php(340): CodeIgniter\CodeIgniter->handleRequest(null, Object(Config\Cache), false)
12 SYSTEMPATH\Boot.php(417): CodeIgniter\CodeIgniter->run()
13 SYSTEMPATH\Boot.php(68): CodeIgniter\Boot::runCodeIgniter(Object(CodeIgniter\CodeIgniter))
14 FCPATH\index.php(59): CodeIgniter\Boot::bootWeb(Object(Config\Paths))
CRITICAL - 2026-05-02 03:45:31 --> Error: Call to a member function getError() on null
[Method: GET, Route: wilayah/input]
in APPPATH\Views\v_input.php on line 20.
 1 SYSTEMPATH\View\View.php(240): include()
 2 SYSTEMPATH\View\View.php(243): CodeIgniter\View\View->CodeIgniter\View\{closure}()
 3 SYSTEMPATH\Common.php(1250): CodeIgniter\View\View->render('v_input', [], true)
 4 APPPATH\Views\v_template_back_end.php(217): view('v_input')
 5 SYSTEMPATH\View\View.php(240): include('C:\\laragon\\www\\gis-spbu-ci4\\app\\Views\\v_template_back_end.php')
 6 SYSTEMPATH\View\View.php(243): CodeIgniter\View\View->CodeIgniter\View\{closure}()
 7 SYSTEMPATH\Common.php(1250): CodeIgniter\View\View->render('v_template_back_end', [], true)
 8 APPPATH\Controllers\Wilayah.php(37): view('v_template_back_end', [...])
 9 SYSTEMPATH\CodeIgniter.php(951): App\Controllers\Wilayah->Add()
10 SYSTEMPATH\CodeIgniter.php(497): CodeIgniter\CodeIgniter->runController(Object(App\Controllers\Wilayah))
11 SYSTEMPATH\CodeIgniter.php(340): CodeIgniter\CodeIgniter->handleRequest(null, Object(Config\Cache), false)
12 SYSTEMPATH\Boot.php(417): CodeIgniter\CodeIgniter->run()
13 SYSTEMPATH\Boot.php(68): CodeIgniter\Boot::runCodeIgniter(Object(CodeIgniter\CodeIgniter))
14 FCPATH\index.php(59): CodeIgniter\Boot::bootWeb(Object(Config\Paths))
CRITICAL - 2026-05-02 03:45:31 --> Error: Call to a member function getError() on null
[Method: GET, Route: wilayah/input]
in APPPATH\Views\v_input.php on line 20.
 1 SYSTEMPATH\View\View.php(240): include()
 2 SYSTEMPATH\View\View.php(243): CodeIgniter\View\View->CodeIgniter\View\{closure}()
 3 SYSTEMPATH\Common.php(1250): CodeIgniter\View\View->render('v_input', [], true)
 4 APPPATH\Views\v_template_back_end.php(217): view('v_input')
 5 SYSTEMPATH\View\View.php(240): include('C:\\laragon\\www\\gis-spbu-ci4\\app\\Views\\v_template_back_end.php')
 6 SYSTEMPATH\View\View.php(243): CodeIgniter\View\View->CodeIgniter\View\{closure}()
 7 SYSTEMPATH\Common.php(1250): CodeIgniter\View\View->render('v_template_back_end', [], true)
 8 APPPATH\Controllers\Wilayah.php(37): view('v_template_back_end', [...])
 9 SYSTEMPATH\CodeIgniter.php(951): App\Controllers\Wilayah->Add()
10 SYSTEMPATH\CodeIgniter.php(497): CodeIgniter\CodeIgniter->runController(Object(App\Controllers\Wilayah))
11 SYSTEMPATH\CodeIgniter.php(340): CodeIgniter\CodeIgniter->handleRequest(null, Object(Config\Cache), false)
12 SYSTEMPATH\Boot.php(417): CodeIgniter\CodeIgniter->run()
13 SYSTEMPATH\Boot.php(68): CodeIgniter\Boot::runCodeIgniter(Object(CodeIgniter\CodeIgniter))
14 FCPATH\index.php(59): CodeIgniter\Boot::bootWeb(Object(Config\Paths))
CRITICAL - 2026-05-02 03:45:34 --> Error: Call to a member function getError() on null
[Method: GET, Route: wilayah/input]
in APPPATH\Views\v_input.php on line 20.
 1 SYSTEMPATH\View\View.php(240): include()
 2 SYSTEMPATH\View\View.php(243): CodeIgniter\View\View->CodeIgniter\View\{closure}()
 3 SYSTEMPATH\Common.php(1250): CodeIgniter\View\View->render('v_input', [], true)
 4 APPPATH\Views\v_template_back_end.php(217): view('v_input')
 5 SYSTEMPATH\View\View.php(240): include('C:\\laragon\\www\\gis-spbu-ci4\\app\\Views\\v_template_back_end.php')
 6 SYSTEMPATH\View\View.php(243): CodeIgniter\View\View->CodeIgniter\View\{closure}()
 7 SYSTEMPATH\Common.php(1250): CodeIgniter\View\View->render('v_template_back_end', [], true)
 8 APPPATH\Controllers\Wilayah.php(37): view('v_template_back_end', [...])
 9 SYSTEMPATH\CodeIgniter.php(951): App\Controllers\Wilayah->Add()
10 SYSTEMPATH\CodeIgniter.php(497): CodeIgniter\CodeIgniter->runController(Object(App\Controllers\Wilayah))
11 SYSTEMPATH\CodeIgniter.php(340): CodeIgniter\CodeIgniter->handleRequest(null, Object(Config\Cache), false)
12 SYSTEMPATH\Boot.php(417): CodeIgniter\CodeIgniter->run()
13 SYSTEMPATH\Boot.php(68): CodeIgniter\Boot::runCodeIgniter(Object(CodeIgniter\CodeIgniter))
14 FCPATH\index.php(59): CodeIgniter\Boot::bootWeb(Object(Config\Paths))
CRITICAL - 2026-05-02 03:53:22 --> CodeIgniter\Database\Exceptions\DataException: Allowed fields must be specified for model: "App\Models\ModelWilayah"
[Method: POST, Route: wilayah/simpan]
in SYSTEMPATH\Model.php on line 678.
 1 SYSTEMPATH\Model.php(678): CodeIgniter\Database\Exceptions\DataException::forInvalidAllowedFields('App\\Models\\ModelWilayah')
 2 SYSTEMPATH\BaseModel.php(880): CodeIgniter\Model->doProtectFieldsForInsert([...])
 3 SYSTEMPATH\Model.php(668): CodeIgniter\BaseModel->insert([...], true)
 4 APPPATH\Controllers\Wilayah.php(78): CodeIgniter\Model->insert([...])
 5 SYSTEMPATH\CodeIgniter.php(951): App\Controllers\Wilayah->InsertData()
 6 SYSTEMPATH\CodeIgniter.php(497): CodeIgniter\CodeIgniter->runController(Object(App\Controllers\Wilayah))
 7 SYSTEMPATH\CodeIgniter.php(340): CodeIgniter\CodeIgniter->handleRequest(null, Object(Config\Cache), false)
 8 SYSTEMPATH\Boot.php(417): CodeIgniter\CodeIgniter->run()
 9 SYSTEMPATH\Boot.php(68): CodeIgniter\Boot::runCodeIgniter(Object(CodeIgniter\CodeIgniter))
10 FCPATH\index.php(59): CodeIgniter\Boot::bootWeb(Object(Config\Paths))
